account,reel_url
davi_maia,https://www.instagram.com/davimaialima/reel/3PqhEOsxlr/
davi_maia,https://www.instagram.com/davimaialima/reel/8nOHMGsxul/
davi_maia,https://www.instagram.com/davimaialima/reel/B-CUPyxJlMM/
davi_maia,https://www.instagram.com/davimaialima/reel/B-U6_RzpP6n/
davi_maia,https://www.instagram.com/davimaialima/reel/B-a3zx2pfhI/
davi_maia,https://www.instagram.com/davimaialima/reel/B-fZ9o4pGEj/
davi_maia,https://www.instagram.com/davimaialima/reel/B09NsMSBcDP/
davi_maia,https://www.instagram.com/davimaialima/reel/B0hITgJBr85/
davi_maia,https://www.instagram.com/davimaialima/reel/B0uHt52BJVE/
davi_maia,https://www.instagram.com/davimaialima/reel/B1OOmMFhByr/
davi_maia,https://www.instagram.com/davimaialima/reel/B22Bv2Khvb5/
davi_maia,https://www.instagram.com/davimaialima/reel/B2ZXZ1ABZbL/
davi_maia,https://www.instagram.com/davimaialima/reel/B2eNcw0BbAD/
davi_maia,https://www.instagram.com/davimaialima/reel/B2pS7M7hfhd/
davi_maia,https://www.instagram.com/davimaialima/reel/B3DMxOiB24D/
davi_maia,https://www.instagram.com/davimaialima/reel/B3NwZw9B7iZ/
davi_maia,https://www.instagram.com/davimaialima/reel/B3ft2NwBCMr/
davi_maia,https://www.instagram.com/davimaialima/reel/B3utAj7JwPa/
davi_maia,https://www.instagram.com/davimaialima/reel/B4GCUIrpHpj/
davi_maia,https://www.instagram.com/davimaialima/reel/B4vNwJcp6dZ/
davi_maia,https://www.instagram.com/davimaialima/reel/B5BI5HnJMtn/
davi_maia,https://www.instagram.com/davimaialima/reel/B5Gd2NKBZp2/
davi_maia,https://www.instagram.com/davimaialima/reel/B5aP7AWJVq9/
davi_maia,https://www.instagram.com/davimaialima/reel/B5duEs5hgaO/
davi_maia,https://www.instagram.com/davimaialima/reel/B5fZw3kpd-j/
davi_maia,https://www.instagram.com/davimaialima/reel/B5oRNHcp4-R/
davi_maia,https://www.instagram.com/davimaialima/reel/B5sglKPhcJM/
davi_maia,https://www.instagram.com/davimaialima/reel/B6c4XmIJFfQ/
davi_maia,https://www.instagram.com/davimaialima/reel/B79cix0pkDf/
davi_maia,https://www.instagram.com/davimaialima/reel/B7W7kXbpW8u/
davi_maia,https://www.instagram.com/davimaialima/reel/B7wT-dcJ-If/
davi_maia,https://www.instagram.com/davimaialima/reel/B81Uy-5pt3u/
davi_maia,https://www.instagram.com/davimaialima/reel/B9X4Pr4Jafu/
davi_maia,https://www.instagram.com/davimaialima/reel/B9h7Ev1Ju12/
davi_maia,https://www.instagram.com/davimaialima/reel/B9y1t2gpD26/
davi_maia,https://www.instagram.com/davimaialima/reel/BCnZjIhMxmh/
davi_maia,https://www.instagram.com/davimaialima/reel/BEvvvXTsxvl/
davi_maia,https://www.instagram.com/davimaialima/reel/BG9eZEosxqM/
davi_maia,https://www.instagram.com/davimaialima/reel/BGW5sHmMxvi/
davi_maia,https://www.instagram.com/davimaialima/reel/BGaPlYWsxr6/
davi_maia,https://www.instagram.com/davimaialima/reel/BGxSpa1sxma/
davi_maia,https://www.instagram.com/davimaialima/reel/BHCpL1AgW3o/
davi_maia,https://www.instagram.com/davimaialima/reel/BHUp4EwADf2/
davi_maia,https://www.instagram.com/davimaialima/reel/BJ8IempAdLe/
davi_maia,https://www.instagram.com/davimaialima/reel/BKHV7iIATBq/
davi_maia,https://www.instagram.com/davimaialima/reel/BKf7hojAHAD/
davi_maia,https://www.instagram.com/davimaialima/reel/BL3zeKEARIO/
davi_maia,https://www.instagram.com/davimaialima/reel/BL4sXrmA4SO/
davi_maia,https://www.instagram.com/davimaialima/reel/BL6rGJ_AzJX/
davi_maia,https://www.instagram.com/davimaialima/reel/BLcFiGugUfA/
davi_maia,https://www.instagram.com/davimaialima/reel/BPNUDREAMJN/
davi_maia,https://www.instagram.com/davimaialima/reel/BQljayngHtj/
davi_maia,https://www.instagram.com/davimaialima/reel/BQyBTCAgJvA/
davi_maia,https://www.instagram.com/davimaialima/reel/BRI8Mbng8R6/
davi_maia,https://www.instagram.com/davimaialima/reel/BRgdV50gRVW/
davi_maia,https://www.instagram.com/davimaialima/reel/BRqyKBrAkr3/
davi_maia,https://www.instagram.com/davimaialima/reel/BRvyvn7g7KK/
davi_maia,https://www.instagram.com/davimaialima/reel/BRyCl1cAQSj/
davi_maia,https://www.instagram.com/davimaialima/reel/BS3X9vkAE_x/
davi_maia,https://www.instagram.com/davimaialima/reel/BSEcc8DA1S8/
davi_maia,https://www.instagram.com/davimaialima/reel/BSMnzoPABC8/
davi_maia,https://www.instagram.com/davimaialima/reel/BSPI2mXghR_/
davi_maia,https://www.instagram.com/davimaialima/reel/BSRlFAfgnWO/
davi_maia,https://www.instagram.com/davimaialima/reel/BSWQy2VALvl/
davi_maia,https://www.instagram.com/davimaialima/reel/BSeM3fdgotR/
davi_maia,https://www.instagram.com/davimaialima/reel/BShO8k_Apbx/
davi_maia,https://www.instagram.com/davimaialima/reel/BSjbp1SA_mH/
davi_maia,https://www.instagram.com/davimaialima/reel/BSlsZcNgp7T/
davi_maia,https://www.instagram.com/davimaialima/reel/BSuE9tZAxxY/
davi_maia,https://www.instagram.com/davimaialima/reel/BSwc0SCAS0b/
davi_maia,https://www.instagram.com/davimaialima/reel/BSyeo29gh4k/
davi_maia,https://www.instagram.com/davimaialima/reel/BTaHq3HAbvn/
davi_maia,https://www.instagram.com/davimaialima/reel/BTsVa2tAu9D/
davi_maia,https://www.instagram.com/davimaialima/reel/BU2RV3uAwjJ/
davi_maia,https://www.instagram.com/davimaialima/reel/BU9MJfDARdS/
davi_maia,https://www.instagram.com/davimaialima/reel/BUJ2RRPgfp1/
davi_maia,https://www.instagram.com/davimaialima/reel/BUSza_lAQDN/
davi_maia,https://www.instagram.com/davimaialima/reel/BUXgOrJg15t/
davi_maia,https://www.instagram.com/davimaialima/reel/BUcRpLaAOul/
davi_maia,https://www.instagram.com/davimaialima/reel/BUffz0_g39t/
davi_maia,https://www.instagram.com/davimaialima/reel/BV2PMXAg8K1/
davi_maia,https://www.instagram.com/davimaialima/reel/BVFYPjwAZ8p/
davi_maia,https://www.instagram.com/davimaialima/reel/BVItjy9gRDR/
davi_maia,https://www.instagram.com/davimaialima/reel/BVM22lHgzab/
davi_maia,https://www.instagram.com/davimaialima/reel/BVUgSRSAdH9/
davi_maia,https://www.instagram.com/davimaialima/reel/BVczF3MA2bK/
davi_maia,https://www.instagram.com/davimaialima/reel/BVmxfubAHTl/
davi_maia,https://www.instagram.com/davimaialima/reel/BWGY4fkgCZV/
davi_maia,https://www.instagram.com/davimaialima/reel/BWNNGUJAI5B/
davi_maia,https://www.instagram.com/davimaialima/reel/BWYNcTngj6P/
davi_maia,https://www.instagram.com/davimaialima/reel/BWYtyn4gTu1/
davi_maia,https://www.instagram.com/davimaialima/reel/BWbL4lygIK-/
davi_maia,https://www.instagram.com/davimaialima/reel/BWcwrFJg-fE/
davi_maia,https://www.instagram.com/davimaialima/reel/BWiFmN_AoOU/
davi_maia,https://www.instagram.com/davimaialima/reel/BWm7VPTg36U/
davi_maia,https://www.instagram.com/davimaialima/reel/BWu9N7eAIRB/
davi_maia,https://www.instagram.com/davimaialima/reel/BWyL7ZFA8GW/
davi_maia,https://www.instagram.com/davimaialima/reel/BX0h4bpg6oi/
davi_maia,https://www.instagram.com/davimaialima/reel/BXAtI0LAwtq/
davi_maia,https://www.instagram.com/davimaialima/reel/BXGyNWpAHxN/
davi_maia,https://www.instagram.com/davimaialima/reel/BXVLgfHAS4C/
davi_maia,https://www.instagram.com/davimaialima/reel/BXig9NDAW7y/
davi_maia,https://www.instagram.com/davimaialima/reel/BXqzGF5gZhM/
davi_maia,https://www.instagram.com/davimaialima/reel/BY51C2Bg7KG/
davi_maia,https://www.instagram.com/davimaialima/reel/BY8Qr8EAqoz/
davi_maia,https://www.instagram.com/davimaialima/reel/BYGTv9Jgc3D/
davi_maia,https://www.instagram.com/davimaialima/reel/BYTD0yegmKA/
davi_maia,https://www.instagram.com/davimaialima/reel/BYi0TZ1Hq-0/
davi_maia,https://www.instagram.com/davimaialima/reel/BYoSsCrHn9A/
davi_maia,https://www.instagram.com/davimaialima/reel/BZG_3Ppg2_9/
davi_maia,https://www.instagram.com/davimaialima/reel/BZGpWo7gFeS/
davi_maia,https://www.instagram.com/davimaialima/reel/BZRFb0IA1JB/
davi_maia,https://www.instagram.com/davimaialima/reel/BZT7H1egAR2/
davi_maia,https://www.instagram.com/davimaialima/reel/BZXPbCOAT1d/
davi_maia,https://www.instagram.com/davimaialima/reel/BZeTni5gHqC/
davi_maia,https://www.instagram.com/davimaialima/reel/BZgcZaQAKhp/
davi_maia,https://www.instagram.com/davimaialima/reel/BZo9JSFA98d/
davi_maia,https://www.instagram.com/davimaialima/reel/BZrnsjfAAOD/
davi_maia,https://www.instagram.com/davimaialima/reel/BZwDIV0g7AG/
davi_maia,https://www.instagram.com/davimaialima/reel/B_0LFrNp6eb/
davi_maia,https://www.instagram.com/davimaialima/reel/B_DIOTTJg0B/
davi_maia,https://www.instagram.com/davimaialima/reel/B_S6GUcJZBP/
davi_maia,https://www.instagram.com/davimaialima/reel/B_kyyLEpr2E/
davi_maia,https://www.instagram.com/davimaialima/reel/B_qiyWypDYW/
davi_maia,https://www.instagram.com/davimaialima/reel/BabqBYJgbaA/
davi_maia,https://www.instagram.com/davimaialima/reel/Bacg60zgBXs/
davi_maia,https://www.instagram.com/davimaialima/reel/Baoh4qHAbCT/
davi_maia,https://www.instagram.com/davimaialima/reel/BazxzLogCm1/
davi_maia,https://www.instagram.com/davimaialima/reel/Bb1ncVhAjbK/
davi_maia,https://www.instagram.com/davimaialima/reel/Bb648O6Agc0/
davi_maia,https://www.instagram.com/davimaialima/reel/BbSW0XWAf_6/
davi_maia,https://www.instagram.com/davimaialima/reel/BbeeW6xAkA1/
davi_maia,https://www.instagram.com/davimaialima/reel/BbhrA_wAtA5/
davi_maia,https://www.instagram.com/davimaialima/reel/Bbm03LlAJ_3/
davi_maia,https://www.instagram.com/davimaialima/reel/BbuEXeuAYs9/
davi_maia,https://www.instagram.com/davimaialima/reel/Bc93aZzH4Vg/
davi_maia,https://www.instagram.com/davimaialima/reel/BcUn_cXA3pp/
davi_maia,https://www.instagram.com/davimaialima/reel/BcXe874ASuo/
davi_maia,https://www.instagram.com/davimaialima/reel/BcZ97qCAjDy/
davi_maia,https://www.instagram.com/davimaialima/reel/Bce6m-JgkRI/
davi_maia,https://www.instagram.com/davimaialima/reel/BdAP8XCHfSe/
davi_maia,https://www.instagram.com/davimaialima/reel/BdC7YFynJN_/
davi_maia,https://www.instagram.com/davimaialima/reel/BdSdO0SHE7s/
davi_maia,https://www.instagram.com/davimaialima/reel/Bde4YxrHpkt/
davi_maia,https://www.instagram.com/davimaialima/reel/BdtUoReHcLU/
davi_maia,https://www.instagram.com/davimaialima/reel/Bdxqbz_nRx-/
davi_maia,https://www.instagram.com/davimaialima/reel/BeD7yGPnq1Q/
davi_maia,https://www.instagram.com/davimaialima/reel/BeVcPVRH4Z5/
davi_maia,https://www.instagram.com/davimaialima/reel/Bebbk0QnUMU/
davi_maia,https://www.instagram.com/davimaialima/reel/BeoQSBVHHwI/
davi_maia,https://www.instagram.com/davimaialima/reel/Beu260XnZNS/
davi_maia,https://www.instagram.com/davimaialima/reel/BfBKhn2ntMw/
davi_maia,https://www.instagram.com/davimaialima/reel/BfO0ljGndnJ/
davi_maia,https://www.instagram.com/davimaialima/reel/BfbkYx8Hyfp/
davi_maia,https://www.instagram.com/davimaialima/reel/BftkKTena-2/
davi_maia,https://www.instagram.com/davimaialima/reel/BgD66R9HoO5/
davi_maia,https://www.instagram.com/davimaialima/reel/BgTVWVKHJYb/
davi_maia,https://www.instagram.com/davimaialima/reel/BgmSOPbntKN/
davi_maia,https://www.instagram.com/davimaialima/reel/Bgw2xckHTOy/
davi_maia,https://www.instagram.com/davimaialima/reel/BgzLvELHBTs/
davi_maia,https://www.instagram.com/davimaialima/reel/BhM8cPGnfme/
davi_maia,https://www.instagram.com/davimaialima/reel/BhPeg3Qnl_u/
davi_maia,https://www.instagram.com/davimaialima/reel/BhR2H4HHIKv/
davi_maia,https://www.instagram.com/davimaialima/reel/Bhe0CDpnCgf/
davi_maia,https://www.instagram.com/davimaialima/reel/BhiIvqXHdJd/
davi_maia,https://www.instagram.com/davimaialima/reel/BhthSuLHsSu/
davi_maia,https://www.instagram.com/davimaialima/reel/BiMVcsjnCUO/
davi_maia,https://www.instagram.com/davimaialima/reel/BiiMEUmHMr-/
davi_maia,https://www.instagram.com/davimaialima/reel/BizY51CH7i7/
davi_maia,https://www.instagram.com/davimaialima/reel/Bj5oXJ3H3e-/
davi_maia,https://www.instagram.com/davimaialima/reel/Bj97QKJHbjS/
davi_maia,https://www.instagram.com/davimaialima/reel/BjBGjiQnA_s/
davi_maia,https://www.instagram.com/davimaialima/reel/BjKSLjXHP_b/
davi_maia,https://www.instagram.com/davimaialima/reel/BjXSPUhHWw5/
davi_maia,https://www.instagram.com/davimaialima/reel/BjZ7ZconhSJ/
davi_maia,https://www.instagram.com/davimaialima/reel/BjupnmAnq-2/
davi_maia,https://www.instagram.com/davimaialima/reel/Bk1ILT-H0VU/
davi_maia,https://www.instagram.com/davimaialima/reel/BkP74conHrp/
davi_maia,https://www.instagram.com/davimaialima/reel/BkSgxtBHXDP/
davi_maia,https://www.instagram.com/davimaialima/reel/BkYa0fknlua/
davi_maia,https://www.instagram.com/davimaialima/reel/Bl1LVmKBaxa/
davi_maia,https://www.instagram.com/davimaialima/reel/BlTrOtfgTgP/
davi_maia,https://www.instagram.com/davimaialima/reel/BlafhjeHTnh/
davi_maia,https://www.instagram.com/davimaialima/reel/Blc-6y3nBnv/
davi_maia,https://www.instagram.com/davimaialima/reel/BllAEg9nWEm/
davi_maia,https://www.instagram.com/davimaialima/reel/Blv4VQvHuq8/
davi_maia,https://www.instagram.com/davimaialima/reel/Bm04CksnvC3/
davi_maia,https://www.instagram.com/davimaialima/reel/Bm53AfznWkV/
davi_maia,https://www.instagram.com/davimaialima/reel/BmJ3_yNgRhE/
davi_maia,https://www.instagram.com/davimaialima/reel/BmrWIXRHsej/
davi_maia,https://www.instagram.com/davimaialima/reel/Bn2MRIiloFi/
davi_maia,https://www.instagram.com/davimaialima/reel/Bn4T7Afnxsf/
davi_maia,https://www.instagram.com/davimaialima/reel/Bn6rCBIHvOt/
davi_maia,https://www.instagram.com/davimaialima/reel/BnCW-PjHV-j/
davi_maia,https://www.instagram.com/davimaialima/reel/BnE-KotHlro/
davi_maia,https://www.instagram.com/davimaialima/reel/BnKZ0BcndAz/
davi_maia,https://www.instagram.com/davimaialima/reel/BnUhqM5HwX7/
davi_maia,https://www.instagram.com/davimaialima/reel/BncYHRPn4_P/
davi_maia,https://www.instagram.com/davimaialima/reel/BnjOw4ln0ng/
davi_maia,https://www.instagram.com/davimaialima/reel/BnmsP3TnxBP/
davi_maia,https://www.instagram.com/davimaialima/reel/Bnq3KOMnjkB/
davi_maia,https://www.instagram.com/davimaialima/reel/BoALgrdBdmF/
davi_maia,https://www.instagram.com/davimaialima/reel/BoIHoZCBvw5/
davi_maia,https://www.instagram.com/davimaialima/reel/BoO5fpbhSIs/
davi_maia,https://www.instagram.com/davimaialima/reel/BoSYSz3BZcH/
davi_maia,https://www.instagram.com/davimaialima/reel/BoXdBt5hez8/
davi_maia,https://www.instagram.com/davimaialima/reel/BoY-XdXB3Z3/
davi_maia,https://www.instagram.com/davimaialima/reel/Bo_4XFHhK02/
davi_maia,https://www.instagram.com/davimaialima/reel/BocSpU9hcEh/
davi_maia,https://www.instagram.com/davimaialima/reel/BojZUcZBMoQ/
davi_maia,https://www.instagram.com/davimaialima/reel/BokdmWhhcDP/
davi_maia,https://www.instagram.com/davimaialima/reel/BpHy0Wzhowz/
davi_maia,https://www.instagram.com/davimaialima/reel/Bph0AJfBftG/
davi_maia,https://www.instagram.com/davimaialima/reel/Bpk0_bugx2P/
davi_maia,https://www.instagram.com/davimaialima/reel/Bpng5o4h-vR/
davi_maia,https://www.instagram.com/davimaialima/reel/BqpkDXQhpgy/
davi_maia,https://www.instagram.com/davimaialima/reel/BrBc2SZBTUN/
davi_maia,https://www.instagram.com/davimaialima/reel/BryasfDh9UJ/
davi_maia,https://www.instagram.com/davimaialima/reel/Bsbas8OBTij/
davi_maia,https://www.instagram.com/davimaialima/reel/Bsof5wyBdPL/
davi_maia,https://www.instagram.com/davimaialima/reel/BtHgOkpBMfJ/
davi_maia,https://www.instagram.com/davimaialima/reel/BtN_vivhHBm/
davi_maia,https://www.instagram.com/davimaialima/reel/BtT-k7tBNDv/
davi_maia,https://www.instagram.com/davimaialima/reel/BtYcTD5hhWc/
davi_maia,https://www.instagram.com/davimaialima/reel/BteoNX-hTax/
davi_maia,https://www.instagram.com/davimaialima/reel/BtlV_50BdsI/
davi_maia,https://www.instagram.com/davimaialima/reel/BtqczZeBrku/
davi_maia,https://www.instagram.com/davimaialima/reel/BuZ8up8BH3J/
davi_maia,https://www.instagram.com/davimaialima/reel/Bub-pzVh08T/
davi_maia,https://www.instagram.com/davimaialima/reel/BvNakDYB548/
davi_maia,https://www.instagram.com/davimaialima/reel/BvT5dlThsMw/
davi_maia,https://www.instagram.com/davimaialima/reel/BvjdR5ahLgc/
davi_maia,https://www.instagram.com/davimaialima/reel/BwutKSbhbz4/
davi_maia,https://www.instagram.com/davimaialima/reel/BxdzNebh79l/
davi_maia,https://www.instagram.com/davimaialima/reel/Bxip14EBmCa/
davi_maia,https://www.instagram.com/davimaialima/reel/ByWEEL3hSvG/
davi_maia,https://www.instagram.com/davimaialima/reel/Bya_2boBCr2/
davi_maia,https://www.instagram.com/davimaialima/reel/Bzjfo7khGAx/
davi_maia,https://www.instagram.com/davimaialima/reel/BzvxgCUhUXR/
davi_maia,https://www.instagram.com/davimaialima/reel/BzytBhEBuRh/
davi_maia,https://www.instagram.com/davimaialima/reel/C0hpdmmP7YW/
davi_maia,https://www.instagram.com/davimaialima/reel/C1-fuy0O6pI/
davi_maia,https://www.instagram.com/davimaialima/reel/C1CesCTLBC_/
davi_maia,https://www.instagram.com/davimaialima/reel/C1N_RwBLfda/
davi_maia,https://www.instagram.com/davimaialima/reel/C30LcZwLhaQ/
davi_maia,https://www.instagram.com/davimaialima/reel/C3lobvqMiNQ/
davi_maia,https://www.instagram.com/davimaialima/reel/C3n6br7vINs/
davi_maia,https://www.instagram.com/davimaialima/reel/C4QWRaKLOfG/
davi_maia,https://www.instagram.com/davimaialima/reel/C4gnI6DLNmG/
davi_maia,https://www.instagram.com/davimaialima/reel/C4wMBLgLPLj/
davi_maia,https://www.instagram.com/davimaialima/reel/C54NQwmLbgc/
davi_maia,https://www.instagram.com/davimaialima/reel/C54SNQRJIxg/
davi_maia,https://www.instagram.com/davimaialima/reel/C5Tf1mbLn8E/
davi_maia,https://www.instagram.com/davimaialima/reel/C5zRqQQLs01/
davi_maia,https://www.instagram.com/davimaialima/reel/C6WbKrhrH-_/
davi_maia,https://www.instagram.com/davimaialima/reel/C7-QuuvvBya/
davi_maia,https://www.instagram.com/davimaialima/reel/C7FMH_jpLCc/
davi_maia,https://www.instagram.com/davimaialima/reel/C7WiRauu7JD/
davi_maia,https://www.instagram.com/davimaialima/reel/C7m6mybPvw9/
davi_maia,https://www.instagram.com/davimaialima/reel/C8H4p37pHmI/
davi_maia,https://www.instagram.com/davimaialima/reel/C8X5TBWP-iF/
davi_maia,https://www.instagram.com/davimaialima/reel/C8dfGq4p0Bh/
davi_maia,https://www.instagram.com/davimaialima/reel/C8hc5-Yu02d/
davi_maia,https://www.instagram.com/davimaialima/reel/C8vFF2iv7wm/
davi_maia,https://www.instagram.com/davimaialima/reel/CA4HSy-Jzqc/
davi_maia,https://www.instagram.com/davimaialima/reel/CAFlqI4JVKE/
davi_maia,https://www.instagram.com/davimaialima/reel/CAKrgEDpvXa/
davi_maia,https://www.instagram.com/davimaialima/reel/CAq4F9zJEDj/
davi_maia,https://www.instagram.com/davimaialima/reel/CAsvJPJJ-xr/
davi_maia,https://www.instagram.com/davimaialima/reel/CAx1HcCprEJ/
davi_maia,https://www.instagram.com/davimaialima/reel/CBEkp6bF8fQ/
davi_maia,https://www.instagram.com/davimaialima/reel/CBO2wqopO48/
davi_maia,https://www.instagram.com/davimaialima/reel/CBQWPrrl8P0/
davi_maia,https://www.instagram.com/davimaialima/reel/CBTxRmhlhqk/
davi_maia,https://www.instagram.com/davimaialima/reel/CBlK7fyJbB3/
davi_maia,https://www.instagram.com/davimaialima/reel/CByunBVJEzG/
davi_maia,https://www.instagram.com/davimaialima/reel/CCW5ShzlXZA/
davi_maia,https://www.instagram.com/davimaialima/reel/CD6m2kXJB8w/
davi_maia,https://www.instagram.com/davimaialima/reel/CD8v8G8J15-/
davi_maia,https://www.instagram.com/davimaialima/reel/CDFVQi0pol2/
davi_maia,https://www.instagram.com/davimaialima/reel/CDNE1pmpqxI/
davi_maia,https://www.instagram.com/davimaialima/reel/CDw2VxeJB5y/
davi_maia,https://www.instagram.com/davimaialima/reel/CE4KaiopzNT/
davi_maia,https://www.instagram.com/davimaialima/reel/CFAU96-py8y/
davi_maia,https://www.instagram.com/davimaialima/reel/CFZvv7aJh0N/
davi_maia,https://www.instagram.com/davimaialima/reel/CFpMQqopu0-/
davi_maia,https://www.instagram.com/davimaialima/reel/CFzOqGHJN__/
davi_maia,https://www.instagram.com/davimaialima/reel/CGYKKsIJhp3/
davi_maia,https://www.instagram.com/davimaialima/reel/CGvqAiTpoKe/
davi_maia,https://www.instagram.com/davimaialima/reel/CH9RdMWlFiG/
davi_maia,https://www.instagram.com/davimaialima/reel/CHBk-i2l97P/
davi_maia,https://www.instagram.com/davimaialima/reel/CHGYWSdlsf0/
davi_maia,https://www.instagram.com/davimaialima/reel/CHQyW6Gl9Kw/
davi_maia,https://www.instagram.com/davimaialima/reel/CHk6vAslcZJ/
davi_maia,https://www.instagram.com/davimaialima/reel/CHqowuvlylG/
davi_maia,https://www.instagram.com/davimaialima/reel/CIDsaCfF1Wt/
davi_maia,https://www.instagram.com/davimaialima/reel/CIWZSPFlKjn/
davi_maia,https://www.instagram.com/davimaialima/reel/CIantrUlKzk/
davi_maia,https://www.instagram.com/davimaialima/reel/CJtCgQVlFPz/
davi_maia,https://www.instagram.com/davimaialima/reel/CL6nOKglYpK/
davi_maia,https://www.instagram.com/davimaialima/reel/CLPYlOVFvmi/
davi_maia,https://www.instagram.com/davimaialima/reel/CMiMpjuFcxR/
davi_maia,https://www.instagram.com/davimaialima/reel/CMktpeDlQyj/
davi_maia,https://www.instagram.com/davimaialima/reel/CNYTPFHF-F7/
davi_maia,https://www.instagram.com/davimaialima/reel/CNayu1cFcCq/
davi_maia,https://www.instagram.com/davimaialima/reel/CNbHO8gJv8u/
davi_maia,https://www.instagram.com/davimaialima/reel/CNisqF7leOi/
davi_maia,https://www.instagram.com/davimaialima/reel/CNm66D5Fwql/
davi_maia,https://www.instagram.com/davimaialima/reel/CNpZ-w8FVOr/
davi_maia,https://www.instagram.com/davimaialima/reel/CO1J2lrJf1D/
davi_maia,https://www.instagram.com/davimaialima/reel/CO2-zytl3It/
davi_maia,https://www.instagram.com/davimaialima/reel/CO75oNrFFzs/
davi_maia,https://www.instagram.com/davimaialima/reel/COoGLINF8R6/
davi_maia,https://www.instagram.com/davimaialima/reel/COxw_yTl1En/
davi_maia,https://www.instagram.com/davimaialima/reel/CP1E0Zql98X/
davi_maia,https://www.instagram.com/davimaialima/reel/CP8fX0Klsn4/
davi_maia,https://www.instagram.com/davimaialima/reel/CPJkhVOlPf1/
davi_maia,https://www.instagram.com/davimaialima/reel/CPMClzrliFp/
davi_maia,https://www.instagram.com/davimaialima/reel/CPMWEUPlCmu/
davi_maia,https://www.instagram.com/davimaialima/reel/CPvigeml7-g/
davi_maia,https://www.instagram.com/davimaialima/reel/CQbs3HzlHl1/
davi_maia,https://www.instagram.com/davimaialima/reel/CQjU4fEFDHj/
davi_maia,https://www.instagram.com/davimaialima/reel/CREkdy1FIxW/
davi_maia,https://www.instagram.com/davimaialima/reel/CRUyG3kl-fV/
davi_maia,https://www.instagram.com/davimaialima/reel/CRrV3GllnJZ/
davi_maia,https://www.instagram.com/davimaialima/reel/CRyprb5lp_6/
davi_maia,https://www.instagram.com/davimaialima/reel/CS2UwsolRC_/
davi_maia,https://www.instagram.com/davimaialima/reel/CSNaUxUlQ-Q/
davi_maia,https://www.instagram.com/davimaialima/reel/CScI2kcl1jh/
davi_maia,https://www.instagram.com/davimaialima/reel/CSnHsUwFZI_/
davi_maia,https://www.instagram.com/davimaialima/reel/CSohUa5FKuV/
davi_maia,https://www.instagram.com/davimaialima/reel/CT-CDC1F7aI/
davi_maia,https://www.instagram.com/davimaialima/reel/CT4ZkNzlSnh/
davi_maia,https://www.instagram.com/davimaialima/reel/CTPUa-KpiYe/
davi_maia,https://www.instagram.com/davimaialima/reel/CTcLdHpFTEt/
davi_maia,https://www.instagram.com/davimaialima/reel/CTkH5-upcPl/
davi_maia,https://www.instagram.com/davimaialima/reel/CU5yej7l58V/
davi_maia,https://www.instagram.com/davimaialima/reel/CUBPBv8lPQL/
davi_maia,https://www.instagram.com/davimaialima/reel/CUC8KJsquaf/
davi_maia,https://www.instagram.com/davimaialima/reel/CUFteokltzD/
davi_maia,https://www.instagram.com/davimaialima/reel/CUIKqpRl5Vb/
davi_maia,https://www.instagram.com/davimaialima/reel/CUljj2TFlop/
davi_maia,https://www.instagram.com/davimaialima/reel/CVDRqZWFHr0/
davi_maia,https://www.instagram.com/davimaialima/reel/CVOZf3AFLaA/
davi_maia,https://www.instagram.com/davimaialima/reel/CVTkq7GFTm2/
davi_maia,https://www.instagram.com/davimaialima/reel/CVVgVVeFn6U/
davi_maia,https://www.instagram.com/davimaialima/reel/CVqypyjl9Xk/
davi_maia,https://www.instagram.com/davimaialima/reel/CWeFiCclc4T/
davi_maia,https://www.instagram.com/davimaialima/reel/CX17gVeJnuy/
davi_maia,https://www.instagram.com/davimaialima/reel/CXBjEtgFZvz/
davi_maia,https://www.instagram.com/davimaialima/reel/CXTxBBbl_fv/
davi_maia,https://www.instagram.com/davimaialima/reel/CXhHHXDlEsk/
davi_maia,https://www.instagram.com/davimaialima/reel/CXhOocFlQkS/
davi_maia,https://www.instagram.com/davimaialima/reel/CXzU89gpQD9/
davi_maia,https://www.instagram.com/davimaialima/reel/CY1WCzxp4Hr/
davi_maia,https://www.instagram.com/davimaialima/reel/CYHdqMoJ5On/
davi_maia,https://www.instagram.com/davimaialima/reel/CYJVMw2pLPv/
davi_maia,https://www.instagram.com/davimaialima/reel/CYZ6P5EpO4H/
davi_maia,https://www.instagram.com/davimaialima/reel/CYuYDZBp_Qq/
davi_maia,https://www.instagram.com/davimaialima/reel/CYzZEW0pS2R/
davi_maia,https://www.instagram.com/davimaialima/reel/CZXCoInJdDP/
davi_maia,https://www.instagram.com/davimaialima/reel/CZu0O0Up_c4/
davi_maia,https://www.instagram.com/davimaialima/reel/CZxdJsvFlu4/
davi_maia,https://www.instagram.com/davimaialima/reel/C_1V_i9vYS5/
davi_maia,https://www.instagram.com/davimaialima/reel/C_ENV9yv6R-/
davi_maia,https://www.instagram.com/davimaialima/reel/C_eLLrEvaGB/
davi_maia,https://www.instagram.com/davimaialima/reel/C_g1mY-sngS/
davi_maia,https://www.instagram.com/davimaialima/reel/C_l3lFyv1TZ/
davi_maia,https://www.instagram.com/davimaialima/reel/CaqB0hbp-BM/
davi_maia,https://www.instagram.com/davimaialima/reel/CbIM5VYFW_I/
davi_maia,https://www.instagram.com/davimaialima/reel/CbJAyo4ldX_/
davi_maia,https://www.instagram.com/davimaialima/reel/CbKqvxuFsql/
davi_maia,https://www.instagram.com/davimaialima/reel/CbaMaG7FaUN/
davi_maia,https://www.instagram.com/davimaialima/reel/CbkkK6ilqzU/
davi_maia,https://www.instagram.com/davimaialima/reel/CbnKdH4Fu0y/
davi_maia,https://www.instagram.com/davimaialima/reel/Cc0D8ysFFVq/
davi_maia,https://www.instagram.com/davimaialima/reel/Cc1ZtUxFpTB/
davi_maia,https://www.instagram.com/davimaialima/reel/CcEIMUuDpUY/
davi_maia,https://www.instagram.com/davimaialima/reel/Cd3yUtZJ9G7/
davi_maia,https://www.instagram.com/davimaialima/reel/Cd6j4yJFbS2/
davi_maia,https://www.instagram.com/davimaialima/reel/CdD162XFgQM/
davi_maia,https://www.instagram.com/davimaialima/reel/CdKAjKelCVV/
davi_maia,https://www.instagram.com/davimaialima/reel/CdO0liElqFs/
davi_maia,https://www.instagram.com/davimaialima/reel/Cddllx4KVBv/
davi_maia,https://www.instagram.com/davimaialima/reel/Cdg0eXblfmN/
davi_maia,https://www.instagram.com/davimaialima/reel/Ce-Dp5VAlJZ/
davi_maia,https://www.instagram.com/davimaialima/reel/Ce655gEl5e1/
davi_maia,https://www.instagram.com/davimaialima/reel/Ce6SZssgk6O/
davi_maia,https://www.instagram.com/davimaialima/reel/CeENgz2l4tV/
davi_maia,https://www.instagram.com/davimaialima/reel/CeMjk9XJM9i/
davi_maia,https://www.instagram.com/davimaialima/reel/CeT03P7gloi/
davi_maia,https://www.instagram.com/davimaialima/reel/CeUtBP3l2Kc/
davi_maia,https://www.instagram.com/davimaialima/reel/CeW-DMSlu6l/
davi_maia,https://www.instagram.com/davimaialima/reel/CeZjqKmvXjl/
davi_maia,https://www.instagram.com/davimaialima/reel/CecL3gSlVw5/
davi_maia,https://www.instagram.com/davimaialima/reel/Cegg0TmFFoq/
davi_maia,https://www.instagram.com/davimaialima/reel/CemiLROlT7r/
davi_maia,https://www.instagram.com/davimaialima/reel/CezYH7il84a/
davi_maia,https://www.instagram.com/davimaialima/reel/Cf-PlsMlQBe/
davi_maia,https://www.instagram.com/davimaialima/reel/Cf2Xl4yl4bA/
davi_maia,https://www.instagram.com/davimaialima/reel/Cf4XSSkFsCQ/
davi_maia,https://www.instagram.com/davimaialima/reel/CfAH7yDFDWi/
davi_maia,https://www.instagram.com/davimaialima/reel/CfCwx8wlNGY/
davi_maia,https://www.instagram.com/davimaialima/reel/CfDEF4Llpru/
davi_maia,https://www.instagram.com/davimaialima/reel/CfRfvqGlRjM/
davi_maia,https://www.instagram.com/davimaialima/reel/CfWm5LplgMy/
davi_maia,https://www.instagram.com/davimaialima/reel/CfXQnMgpcHz/
davi_maia,https://www.instagram.com/davimaialima/reel/Cfe74I4JgtH/
davi_maia,https://www.instagram.com/davimaialima/reel/Cfe8JENDUzj/
davi_maia,https://www.instagram.com/davimaialima/reel/Cfg-2HblWhd/
davi_maia,https://www.instagram.com/davimaialima/reel/Cfhigq8p-Ho/
davi_maia,https://www.instagram.com/davimaialima/reel/Cfmz2TvFm2D/
davi_maia,https://www.instagram.com/davimaialima/reel/Cft2Iu6lgiP/
davi_maia,https://www.instagram.com/davimaialima/reel/Cg-QPFCp05P/
davi_maia,https://www.instagram.com/davimaialima/reel/Cg2r7Z5F6X_/
davi_maia,https://www.instagram.com/davimaialima/reel/Cg5Lbe5FOFI/
davi_maia,https://www.instagram.com/davimaialima/reel/CgAeY5ClbZF/
davi_maia,https://www.instagram.com/davimaialima/reel/CgDHGj-FNMm/
davi_maia,https://www.instagram.com/davimaialima/reel/CgKH0Sqllxc/
davi_maia,https://www.instagram.com/davimaialima/reel/CgVQ33ulWlt/
davi_maia,https://www.instagram.com/davimaialima/reel/CgZlFVglsbx/
davi_maia,https://www.instagram.com/davimaialima/reel/CgiLr_WF7l8/
davi_maia,https://www.instagram.com/davimaialima/reel/CgnMzXBlegT/
davi_maia,https://www.instagram.com/davimaialima/reel/Cgw2SBNjCoO/
davi_maia,https://www.instagram.com/davimaialima/reel/Cgwz8SWl5Gl/
davi_maia,https://www.instagram.com/davimaialima/reel/Ch1-PT1MBBI/
davi_maia,https://www.instagram.com/davimaialima/reel/Ch49yHQP9Hp/
davi_maia,https://www.instagram.com/davimaialima/reel/Ch7bWy3vUMo/
davi_maia,https://www.instagram.com/davimaialima/reel/Ch99E_8utCC/
davi_maia,https://www.instagram.com/davimaialima/reel/ChFZo4QlPDC/
davi_maia,https://www.instagram.com/davimaialima/reel/ChIqamXFxDK/
davi_maia,https://www.instagram.com/davimaialima/reel/ChK_LS3pyIP/
davi_maia,https://www.instagram.com/davimaialima/reel/ChKg9nhlv2x/
davi_maia,https://www.instagram.com/davimaialima/reel/ChPpsd5lMVD/
davi_maia,https://www.instagram.com/davimaialima/reel/ChS3SM3pXMT/
davi_maia,https://www.instagram.com/davimaialima/reel/ChTPtvDJ9Fc/
davi_maia,https://www.instagram.com/davimaialima/reel/ChU8ogGFQPR/
davi_maia,https://www.instagram.com/davimaialima/reel/ChURxgUFcW_/
davi_maia,https://www.instagram.com/davimaialima/reel/ChXYQULl9fg/
davi_maia,https://www.instagram.com/davimaialima/reel/ChZ7Cp6lfrj/
davi_maia,https://www.instagram.com/davimaialima/reel/Chf7e4UFzCX/
davi_maia,https://www.instagram.com/davimaialima/reel/Chj59E0FsQX/
davi_maia,https://www.instagram.com/davimaialima/reel/ChnfNUSpnGx/
davi_maia,https://www.instagram.com/davimaialima/reel/ChvZVTyusHF/
davi_maia,https://www.instagram.com/davimaialima/reel/Chxvrsepqeo/
davi_maia,https://www.instagram.com/davimaialima/reel/Ci2YMOmsZWo/
davi_maia,https://www.instagram.com/davimaialima/reel/Ci47mZfLkKg/
davi_maia,https://www.instagram.com/davimaialima/reel/CiAqG8WuE4z/
davi_maia,https://www.instagram.com/davimaialima/reel/CiF3UKXLVup/
davi_maia,https://www.instagram.com/davimaialima/reel/CiFhvEiupwd/
davi_maia,https://www.instagram.com/davimaialima/reel/CiGoypQJugt/
davi_maia,https://www.instagram.com/davimaialima/reel/CiGsFGNucMc/
davi_maia,https://www.instagram.com/davimaialima/reel/CiIX3v-NWWi/
davi_maia,https://www.instagram.com/davimaialima/reel/CiI_dX_A_Rn/
davi_maia,https://www.instagram.com/davimaialima/reel/CiK-9Gjs1kq/
davi_maia,https://www.instagram.com/davimaialima/reel/CiNPF_jLDdA/
davi_maia,https://www.instagram.com/davimaialima/reel/CiOOMBMPTx3/
davi_maia,https://www.instagram.com/davimaialima/reel/CiQnEC5pgO3/
davi_maia,https://www.instagram.com/davimaialima/reel/CiTMfNWpkWu/
davi_maia,https://www.instagram.com/davimaialima/reel/CiXvDGsMfjb/
davi_maia,https://www.instagram.com/davimaialima/reel/Ci_QMxLN9ns/
davi_maia,https://www.instagram.com/davimaialima/reel/CialpgvMk-9/
davi_maia,https://www.instagram.com/davimaialima/reel/CibBPn-vDoe/
davi_maia,https://www.instagram.com/davimaialima/reel/CidIy1Xvw0P/
davi_maia,https://www.instagram.com/davimaialima/reel/CidouLWufUq/
davi_maia,https://www.instagram.com/davimaialima/reel/Cifgt4CM4wP/
davi_maia,https://www.instagram.com/davimaialima/reel/Cii3GOruYDf/
davi_maia,https://www.instagram.com/davimaialima/reel/Ciixqj_uu8v/
davi_maia,https://www.instagram.com/davimaialima/reel/CikVdKCvgxp/
davi_maia,https://www.instagram.com/davimaialima/reel/Cin4WkYDW3g/
davi_maia,https://www.instagram.com/davimaialima/reel/CinfcgmDzcq/
davi_maia,https://www.instagram.com/davimaialima/reel/CisCfoIJ6mL/
davi_maia,https://www.instagram.com/davimaialima/reel/CivzKFivgrt/
davi_maia,https://www.instagram.com/davimaialima/reel/CjBFI3TNhjp/
davi_maia,https://www.instagram.com/davimaialima/reel/CjBr8qdtuhM/
davi_maia,https://www.instagram.com/davimaialima/reel/CjDX753J5-n/
davi_maia,https://www.instagram.com/davimaialima/reel/CjET8hxOY7j/
davi_maia,https://www.instagram.com/davimaialima/reel/CjGRIgAtpfs/
davi_maia,https://www.instagram.com/davimaialima/reel/CjGvURgj5e3/
davi_maia,https://www.instagram.com/davimaialima/reel/CjIZb-LDXxk/
davi_maia,https://www.instagram.com/davimaialima/reel/CjIqjR1jCww/
davi_maia,https://www.instagram.com/davimaialima/reel/CjLV0P4D2IP/
davi_maia,https://www.instagram.com/davimaialima/reel/CjMKwz9rlca/
davi_maia,https://www.instagram.com/davimaialima/reel/CmM4qfvpbME/
davi_maia,https://www.instagram.com/davimaialima/reel/CmPnjldJalR/
davi_maia,https://www.instagram.com/davimaialima/reel/CnFDmcapJhL/
davi_maia,https://www.instagram.com/davimaialima/reel/CnhUkfgJBji/
davi_maia,https://www.instagram.com/davimaialima/reel/Co7YHPduDGL/
davi_maia,https://www.instagram.com/davimaialima/reel/CoaAA35M_-8/
davi_maia,https://www.instagram.com/davimaialima/reel/Cp0PBKwrrB7/
davi_maia,https://www.instagram.com/davimaialima/reel/Cp3rhHlu13g/
davi_maia,https://www.instagram.com/davimaialima/reel/Cphz0AHLqdf/
davi_maia,https://www.instagram.com/davimaialima/reel/CqaxCPetaw4/
davi_maia,https://www.instagram.com/davimaialima/reel/CsJSE8tsqHZ/
davi_maia,https://www.instagram.com/davimaialima/reel/CthwY67p4Ud/
davi_maia,https://www.instagram.com/davimaialima/reel/Ctjr0EOLAUz/
davi_maia,https://www.instagram.com/davimaialima/reel/CtuohUHpgIl/
davi_maia,https://www.instagram.com/davimaialima/reel/CuagBpXOmdU/
davi_maia,https://www.instagram.com/davimaialima/reel/CudHZk4Nasj/
davi_maia,https://www.instagram.com/davimaialima/reel/CvgDaKUPbHs/
davi_maia,https://www.instagram.com/davimaialima/reel/CxEUOslrmGx/
davi_maia,https://www.instagram.com/davimaialima/reel/CxMHBMcLaRR/
davi_maia,https://www.instagram.com/davimaialima/reel/CxszaWir2Ow/
davi_maia,https://www.instagram.com/davimaialima/reel/CyRs3yPM10G/
davi_maia,https://www.instagram.com/davimaialima/reel/Cyt-tNirHHk/
davi_maia,https://www.instagram.com/davimaialima/reel/DAM4H9Es_om/
davi_maia,https://www.instagram.com/davimaialima/reel/DAOUO3zJUcd/
davi_maia,https://www.instagram.com/davimaialima/reel/DAPBzRPPs-6/
davi_maia,https://www.instagram.com/davimaialima/reel/DAeB_gaPHmm/
davi_maia,https://www.instagram.com/davimaialima/reel/DAjpt_RvqV8/
davi_maia,https://www.instagram.com/davimaialima/reel/DAtMGGyOXfd/
davi_maia,https://www.instagram.com/davimaialima/reel/DAv-DF1JPpJ/
davi_maia,https://www.instagram.com/davimaialima/reel/DAvvZWXOrpn/
davi_maia,https://www.instagram.com/davimaialima/reel/DAwcKOqPQhd/
davi_maia,https://www.instagram.com/davimaialima/reel/DBSOE6EsF82/
davi_maia,https://www.instagram.com/davimaialima/reel/DBuj6_yv9Fp/
davi_maia,https://www.instagram.com/davimaialima/reel/DDHzKSAuis-/
davi_maia,https://www.instagram.com/davimaialima/reel/DDhkuRBp5KK/
davi_maia,https://www.instagram.com/davimaialima/reel/DDnP3ypvFk2/
davi_maia,https://www.instagram.com/davimaialima/reel/DDqEFtipPNM/
davi_maia,https://www.instagram.com/davimaialima/reel/DETcrFDJNDc/
davi_maia,https://www.instagram.com/davimaialima/reel/DEfT5CSpxKu/
davi_maia,https://www.instagram.com/davimaialima/reel/DF8tduFpek_/
davi_maia,https://www.instagram.com/davimaialima/reel/DF_Ti_Ypr-v/
davi_maia,https://www.instagram.com/davimaialima/reel/DFdwRPCvIQg/
davi_maia,https://www.instagram.com/davimaialima/reel/DFqGUKNpOO4/
davi_maia,https://www.instagram.com/davimaialima/reel/DFv0bs9Jbyh/
davi_maia,https://www.instagram.com/davimaialima/reel/DG8-c49yRUu/
davi_maia,https://www.instagram.com/davimaialima/reel/DG8UNzmOe4l/
davi_maia,https://www.instagram.com/davimaialima/reel/DGCE0wrJz0V/
davi_maia,https://www.instagram.com/davimaialima/reel/DGOE0HxuRu3/
davi_maia,https://www.instagram.com/davimaialima/reel/DGRMqtNSCxa/
davi_maia,https://www.instagram.com/davimaialima/reel/DGWX3XuS-nu/
davi_maia,https://www.instagram.com/davimaialima/reel/DGeG1eOyx1G/
davi_maia,https://www.instagram.com/davimaialima/reel/DGg9J7hJzFh/
davi_maia,https://www.instagram.com/davimaialima/reel/DGlI7CXO29I/
davi_maia,https://www.instagram.com/davimaialima/reel/DGn-TuxO4IQ/
davi_maia,https://www.instagram.com/davimaialima/reel/DH4Wrx5pK8Z/
davi_maia,https://www.instagram.com/davimaialima/reel/DH7QWvYM2BI/
davi_maia,https://www.instagram.com/davimaialima/reel/DH9dIwPpNcZ/
davi_maia,https://www.instagram.com/davimaialima/reel/DHHRRKUSy69/
davi_maia,https://www.instagram.com/davimaialima/reel/DHMb3BIyT41/
davi_maia,https://www.instagram.com/davimaialima/reel/DHT7d3ny4sL/
davi_maia,https://www.instagram.com/davimaialima/reel/DHWE8DGP_PO/
davi_maia,https://www.instagram.com/davimaialima/reel/DHb7GeNSbO1/
davi_maia,https://www.instagram.com/davimaialima/reel/DHglxAVuA9O/
davi_maia,https://www.instagram.com/davimaialima/reel/DHwr1psSzgv/
davi_maia,https://www.instagram.com/davimaialima/reel/DI7A4gkJDKZ/
davi_maia,https://www.instagram.com/davimaialima/reel/DIe-dRRpYA9/
davi_maia,https://www.instagram.com/davimaialima/reel/DIgzpCvtWeh/
davi_maia,https://www.instagram.com/davimaialima/reel/DJ1b0kCuPHm/
davi_maia,https://www.instagram.com/davimaialima/reel/DJC-UrEJfk-/
davi_maia,https://www.instagram.com/davimaialima/reel/DJEzDy7x2XV/
davi_maia,https://www.instagram.com/davimaialima/reel/DJHmQK3pS0Q/
davi_maia,https://www.instagram.com/davimaialima/reel/DJIOBpgJBVe/
davi_maia,https://www.instagram.com/davimaialima/reel/DJW1nKDRfUZ/
davi_maia,https://www.instagram.com/davimaialima/reel/DJaCoI9JFhR/
davi_maia,https://www.instagram.com/davimaialima/reel/DJcsRRXSOKq/
davi_maia,https://www.instagram.com/davimaialima/reel/DJeswveOsUS/
davi_maia,https://www.instagram.com/davimaialima/reel/DJg6Ii5sDka/
davi_maia,https://www.instagram.com/davimaialima/reel/DJkV0raAyZt/
davi_maia,https://www.instagram.com/davimaialima/reel/DK-dlqXyQBw/
davi_maia,https://www.instagram.com/davimaialima/reel/DK5UAQTPOL_/
davi_maia,https://www.instagram.com/davimaialima/reel/DKFMDcBu_7l/
davi_maia,https://www.instagram.com/davimaialima/reel/DKK9rw1SoXk/
davi_maia,https://www.instagram.com/davimaialima/reel/DKQHX2DS4qa/
davi_maia,https://www.instagram.com/davimaialima/reel/DKX_NUtp67W/
davi_maia,https://www.instagram.com/davimaialima/reel/DKfkDiZy-I3/
davi_maia,https://www.instagram.com/davimaialima/reel/DKhfyWjO4le/
davi_maia,https://www.instagram.com/davimaialima/reel/DKkLBMWOIDQ/
davi_maia,https://www.instagram.com/davimaialima/reel/DKnPkL6S1MJ/
davi_maia,https://www.instagram.com/davimaialima/reel/DKznrNuu17K/
davi_maia,https://www.instagram.com/davimaialima/reel/DL55s7GSr9y/
davi_maia,https://www.instagram.com/davimaialima/reel/DLPjXEpuW8k/
davi_maia,https://www.instagram.com/davimaialima/reel/DLVovfbyaFL/
davi_maia,https://www.instagram.com/davimaialima/reel/DLa6ZDWy8Zk/
davi_maia,https://www.instagram.com/davimaialima/reel/DLi-n6pMPBD/
davi_maia,https://www.instagram.com/davimaialima/reel/DLlMYDQSamq/
davi_maia,https://www.instagram.com/davimaialima/reel/DLs8jBjS2Oo/
davi_maia,https://www.instagram.com/davimaialima/reel/DLxDoq8upkr/
davi_maia,https://www.instagram.com/davimaialima/reel/DM-QMkEuFUS/
davi_maia,https://www.instagram.com/davimaialima/reel/DM5KQZKuLE5/
davi_maia,https://www.instagram.com/davimaialima/reel/DMAcif2o6PE/
davi_maia,https://www.instagram.com/davimaialima/reel/DMF6nX0uNlE/
davi_maia,https://www.instagram.com/davimaialima/reel/DML1PoQyL-1/
davi_maia,https://www.instagram.com/davimaialima/reel/DMOaV1QSrc5/
davi_maia,https://www.instagram.com/davimaialima/reel/DMX8RvuO6Uy/
davi_maia,https://www.instagram.com/davimaialima/reel/DMahGqSO_hS/
davi_maia,https://www.instagram.com/davimaialima/reel/DMdvCbSyCMo/
davi_maia,https://www.instagram.com/davimaialima/reel/DMi8mHVyi54/
davi_maia,https://www.instagram.com/davimaialima/reel/DMoCOxxuZ1J/
davi_maia,https://www.instagram.com/davimaialima/reel/DMv0A2Cua6z/
davi_maia,https://www.instagram.com/davimaialima/reel/DMyfrNZS_Le/
davi_maia,https://www.instagram.com/davimaialima/reel/DN6fIuUj5we/
davi_maia,https://www.instagram.com/davimaialima/reel/DNLc--iOib9/
davi_maia,https://www.instagram.com/davimaialima/reel/DNahWClOXJf/
davi_maia,https://www.instagram.com/davimaialima/reel/DNjVeEVS7H1/
davi_maia,https://www.instagram.com/davimaialima/reel/DNrBMBI5EnD/
davi_maia,https://www.instagram.com/davimaialima/reel/DO11WY6EkgQ/
davi_maia,https://www.instagram.com/davimaialima/reel/DOMdD-5Ep__/
davi_maia,https://www.instagram.com/davimaialima/reel/DOPHKihktNL/
davi_maia,https://www.instagram.com/davimaialima/reel/DObRZj-jtA3/
davi_maia,https://www.instagram.com/davimaialima/reel/DOjwZHTEozX/
davi_maia,https://www.instagram.com/davimaialima/reel/DP4teXMklEr/
davi_maia,https://www.instagram.com/davimaialima/reel/DP7U2qCkuZs/
davi_maia,https://www.instagram.com/davimaialima/reel/DPGt3VGDv8V/
davi_maia,https://www.instagram.com/davimaialima/reel/DPUqYhhEnTF/
davi_maia,https://www.instagram.com/davimaialima/reel/DPboqaXDjaI/
davi_maia,https://www.instagram.com/davimaialima/reel/DPmr9k8kubg/
davi_maia,https://www.instagram.com/davimaialima/reel/DPpRTcQkmjR/
davi_maia,https://www.instagram.com/davimaialima/reel/DQ5FUjBEp6F/
davi_maia,https://www.instagram.com/davimaialima/reel/DQC_tZQkkBV/
davi_maia,https://www.instagram.com/davimaialima/reel/DQFlgWfEpfO/
davi_maia,https://www.instagram.com/davimaialima/reel/DQKx4NlkvQl/
davi_maia,https://www.instagram.com/davimaialima/reel/DQVENPqEptX/
davi_maia,https://www.instagram.com/davimaialima/reel/DQppr1hEoaQ/
davi_maia,https://www.instagram.com/davimaialima/reel/DQsNXo1krPA/
davi_maia,https://www.instagram.com/davimaialima/reel/DQuyN1Ij6-G/
davi_maia,https://www.instagram.com/davimaialima/reel/DR-mUvaEpFA/
davi_maia,https://www.instagram.com/davimaialima/reel/DRLG3ZRElAf/
davi_maia,https://www.instagram.com/davimaialima/reel/DRfvWeIktJz/
davi_maia,https://www.instagram.com/davimaialima/reel/DRzY1uyjq6X/
davi_maia,https://www.instagram.com/davimaialima/reel/DS5FGzlDqWW/
davi_maia,https://www.instagram.com/davimaialima/reel/DS7cFIHFFRp/
davi_maia,https://www.instagram.com/davimaialima/reel/DSJDyhHjw9G/
davi_maia,https://www.instagram.com/davimaialima/reel/DSa7ibOEmKB/
davi_maia,https://www.instagram.com/davimaialima/reel/DSlOtn7EoN7/
davi_maia,https://www.instagram.com/davimaialima/reel/DSn3E56Ergh/
davi_maia,https://www.instagram.com/davimaialima/reel/DSqfPLekkvP/
davi_maia,https://www.instagram.com/davimaialima/reel/DT1HgutEr82/
davi_maia,https://www.instagram.com/davimaialima/reel/DT3qV44EheK/
davi_maia,https://www.instagram.com/davimaialima/reel/DTWJ4OokheK/
davi_maia,https://www.instagram.com/davimaialima/reel/DTeBNaUjyII/
davi_maia,https://www.instagram.com/davimaialima/reel/DTlo5hFkgR4/
davi_maia,https://www.instagram.com/davimaialima/reel/DTqwJbAklv7/
davi_maia,https://www.instagram.com/davimaialima/reel/DTtTzdYksfN/
davi_maia,https://www.instagram.com/davimaialima/reel/DTv515WkiNb/
davi_maia,https://www.instagram.com/davimaialima/reel/DTyekAaktxs/
davi_maia,https://www.instagram.com/davimaialima/reel/DU100ixDgN9/
davi_maia,https://www.instagram.com/davimaialima/reel/DU4BPk4kpkL/
davi_maia,https://www.instagram.com/davimaialima/reel/DU6jiRQESta/
davi_maia,https://www.instagram.com/davimaialima/reel/DUCA9mWEtcA/
davi_maia,https://www.instagram.com/davimaialima/reel/DUJuuy8kmS3/
davi_maia,https://www.instagram.com/davimaialima/reel/DURqI6MDyB4/
davi_maia,https://www.instagram.com/davimaialima/reel/DUrTkPyEvFU/
davi_maia,https://www.instagram.com/davimaialima/reel/DUsoN0fEkjg/
davi_maia,https://www.instagram.com/davimaialima/reel/DUvrDzuDQhG/
davi_maia,https://www.instagram.com/davimaialima/reel/DV8BZzxAP4b/
davi_maia,https://www.instagram.com/davimaialima/reel/DVMVUKJkosU/
davi_maia,https://www.instagram.com/davimaialima/reel/DVObFt-Dgz8/
davi_maia,https://www.instagram.com/davimaialima/reel/DVgcwc5jv8L/
davi_maia,https://www.instagram.com/davimaialima/reel/DWWrljYjowI/
davi_maia,https://www.instagram.com/davimaialima/reel/DWcl8guCWqm/
davi_maia,https://www.instagram.com/davimaialima/reel/DWhlCQpCfQ3/
davi_maia,https://www.instagram.com/davimaialima/reel/DWmu4RDiXu6/
davi_maia,https://www.instagram.com/davimaialima/reel/DWr31LixhTW/
davi_maia,https://www.instagram.com/davimaialima/reel/DX-RUMxy9ae/
davi_maia,https://www.instagram.com/davimaialima/reel/DX0CZ7TJcOK/
davi_maia,https://www.instagram.com/davimaialima/reel/DX5QGI-pJtH/
davi_maia,https://www.instagram.com/davimaialima/reel/DXDUDqfCUjS/
davi_maia,https://www.instagram.com/davimaialima/reel/DXIN1JyCUIo/
davi_maia,https://www.instagram.com/davimaialima/reel/DXNWsMbyv0S/
davi_maia,https://www.instagram.com/davimaialima/reel/DXP0IskS-JH/
davi_maia,https://www.instagram.com/davimaialima/reel/DXWxV4yjWxQ/
davi_maia,https://www.instagram.com/davimaialima/reel/DXXRIKRiW69/
davi_maia,https://www.instagram.com/davimaialima/reel/DXfXxlLSWe2/
davi_maia,https://www.instagram.com/davimaialima/reel/DXsPtQzSRRV/
davi_maia,https://www.instagram.com/davimaialima/reel/DXzOOb8J6PT/
davi_maia,https://www.instagram.com/davimaialima/reel/DY-CFHAJF4z/
davi_maia,https://www.instagram.com/davimaialima/reel/DY0eZg8JWPG/
davi_maia,https://www.instagram.com/davimaialima/reel/DY7Y-0PJakm/
davi_maia,https://www.instagram.com/davimaialima/reel/DYF_n-vhDTi/
davi_maia,https://www.instagram.com/davimaialima/reel/DYKuB_KJKF0/
davi_maia,https://www.instagram.com/davimaialima/reel/DYQWKv_p5Cw/
davi_maia,https://www.instagram.com/davimaialima/reel/DYVcXZrBndw/
davi_maia,https://www.instagram.com/davimaialima/reel/DYhOjdWOA8F/
davi_maia,https://www.instagram.com/davimaialima/reel/DYiUbIAyTuR/
davi_maia,https://www.instagram.com/davimaialima/reel/DYqCzJkvjCs/
davi_maia,https://www.instagram.com/davimaialima/reel/DYvSpCDJo83/
davi_maia,https://www.instagram.com/davimaialima/reel/DZAasJvpjYF/
davi_maia,https://www.instagram.com/davimaialima/reel/DZFngkcuwM_/
davi_maia,https://www.instagram.com/davimaialima/reel/DZOFRQMpndT/
davi_maia,https://www.instagram.com/davimaialima/reel/DZQqjO8J1yj/
davi_maia,https://www.instagram.com/davimaialima/reel/DZTY89Jv94n/
davi_maia,https://www.instagram.com/davimaialima/reel/DZVEOUUOcDC/
davi_maia,https://www.instagram.com/davimaialima/reel/DZYXXteJmtZ/
davi_maia,https://www.instagram.com/davimaialima/reel/DZa-P7dJhZ0/
davi_maia,https://www.instagram.com/davimaialima/reel/DZpqXkoJxic/
