data_postagem,reel_url,texto
2026-06-10,https://www.instagram.com/davimaialima/reel/DZa-P7dJhZ0/,"davimaialima
Áudio original
Seguindo
davimaialima
 
6 d
Enquanto outros países criam condições para atrair investimentos, o Brasil continua empurrando empresas para fora com impostos altos, burocracia e um sistema que dificulta quem produz e quem trabalha. Quando uma empresa vai embora são empregos, oportunidades e desenvolvimento que deixam o país junto.

O Brasil precisa voltar a ser competitivo; com menos burocracia, mais eficiência e reformas que incentivem geração de emprego, crescimento econômico e qualidade de vida para quem escolhe construir seu futuro aqui.
ver.vandaflorentino
 
6 d
👏👏👏👏👏👏
1 curtida
Responder
Ver todas as 1 respostas
gp_gilson
 
6 d
👏👏👏👏👏👏👏👏
Responder
Ver todas as 1 respostas
vilmariowanderley
 
6 d
Exatamente!
Responder
Ver todas as 1 respostas
nayara.lima.7106670
 
6 d
👏👏👏
1 curtida
Responder
Ver todas as 1 respostas
valmenia_santos
 
6 d
Triste realidade @davimaialima 😢
Responder
Ver todas as 1 respostas
carlosbarbosada11
 
6 d
Meu grande deputado federal Davi Maia
1 curtida
Responder
Ver todas as 1 respostas
caiorealtime
 
6 d
👏👏👏
Responder
Ver todas as 1 respostas
airtonmorais21
 
6 d
Nosso futuro deputado federal é diferenciado 🙌🙌
1 curtida
Responder
Ver todas as 1 respostas
marcosporto1995
 
6 d
👏👏
Responder
Ver todas as 1 respostas
torinho__da__saude
 
6 d
O Brasil e principalmente a nossa querida Alagoas precisa de um Deputado federal que pense no povo e nas empresas parabéns meu deputado federal @davimaialima
Responder
Ver todas as 1 respostas
betesantosss__
 
6 d
👏👏👏👏👏
Responder
Ver todas as 1 respostas
alinee_carla
 
6 d
👏🏻👏🏻👏🏻🚀✅️
Responder
Ver todas as 1 respostas
liudomucambinho
 
6 d
👏👏👏
Responder
Ver todas as 1 respostas
peumadeiro
 
6 d
✅✅✅
Responder
Ver todas as 1 respostas
matheusliraal
 
6 d
👏👏👏👏👏
Responder
Ver todas as 1 respostas
Este reel tem 1 comentário no Facebook.
325
86
Curtido por ricardinhosantaritta e outras 324 pessoas
há 6 dias
Mais posts de davimaialima
Meta
Sobre
Blog
Carreiras
Ajuda
API
Privacidade
Termos
Localizações
Popular
Instagram Lite
Meta AI
Threads
Upload de contatos e não usuários
Meta Verified
Português (Brasil)
Afrikaans
العربية
Čeština
Dansk
Deutsch
Ελληνικά
English
English (UK)
Español (España)
Español
فارسی
Suomi
Français
עברית
Bahasa Indonesia
Italiano
日本語
한국어
Bahasa Melayu
Norsk
Nederlands
Polski
Português (Brasil)
Português (Portugal)
Русский
Svenska
ภาษาไทย
Filipino
Türkçe
中文(简体)
中文(台灣)
বাংলা
ગુજરાતી
हिन्दी
Hrvatski
Magyar
ಕನ್ನಡ
മലയാളം
मराठी
नेपाली
ਪੰਜਾਬੀ
සිංහල
Slovenčina
தமிழ்
తెలుగు
اردو
Tiếng Việt
中文(香港)
Български
Français (Canada)
Română
Српски
Українська
© 2026 Instagram from Meta
Mensagens"
2026-06-09,https://www.instagram.com/davimaialima/reel/DZYXXteJmtZ/,"davimaialima
Áudio original
Seguindo
davimaialima
 
1 sem
Se liga só na animação ontem na Grota do Moreira, no Jacintinho. Só alegria, sorrisos e motivação para seguir trabalhando por Alagoas. É esse espírito que me move e me motiva todos os dias. Agora me diz aí, acertei o passinho do Jamal? 😅💚 #DaviMaiaAL
suegoncalves
 
1 sem
Booooora, Daviiiii... kkkkkkkkk Treinar mais um pouquinho! Kkkkkkkkk
Responder
Ver todas as 1 respostas
delinha_sena
 
1 sem
👏👏👏👏👏👏👏👏
Responder
Ver todas as 1 respostas
marcia.silva.3785
 
1 sem
👏👏👏
1 curtida
Responder
Ver todas as 1 respostas
wedenc
 
1 sem
So mostra q todos estão com @davimaiali👏👏👏👏👏
Responder
Ver todas as 1 respostas
liudomucambinho
 
1 sem
👏👏👏
Responder
Ver todas as 1 respostas
queridinhodemcz_enf
 
1 sem
Boraaaa avançar!!!✨🚀
Responder
Ver todas as 1 respostas
wennddell_nobreg
 
1 sem
A política se faz com proximidade e dedicação. 👏👏
1 curtida
Responder
Ver todas as 1 respostas
mariliagabrielagaribeiro
 
1 sem
👏👏👏👏👏👏👏👏
Responder
Ver todas as 1 respostas
saullolima.al
 
1 sem
😂👏👏👏
Responder
Ver todas as 1 respostas
quail.21131850
 
1 sem
👏👏👏
Responder
Ver todas as 1 respostas
daicardoso67
 
1 sem
👏👏👏👏👏👏👏
Responder
Ver todas as 1 respostas
fabio.breda
 
1 sem
👏👏👏👏
Responder
Ver todas as 1 respostas
marcosporto1995
 
1 sem
👏👏👏😂😂
Responder
Ver todas as 1 respostas
lekasilvaleka
 
1 sem
👏👏👏👏
Responder
Ver todas as 1 respostas
silvanabandeira2026
 
1 sem
👏👏👏👏👏
Responder
Ver todas as 1 respostas
Este reel tem 1 comentário no Facebook.
600
176
Curtido por ricardinhosantaritta e outras 599 pessoas
há 7 dias
Mais posts de davimaialima
Meta
Sobre
Blog
Carreiras
Ajuda
API
Privacidade
Termos
Localizações
Popular
Instagram Lite
Meta AI
Threads
Upload de contatos e não usuários
Meta Verified
Português (Brasil)
Afrikaans
العربية
Čeština
Dansk
Deutsch
Ελληνικά
English
English (UK)
Español (España)
Español
فارسی
Suomi
Français
עברית
Bahasa Indonesia
Italiano
日本語
한국어
Bahasa Melayu
Norsk
Nederlands
Polski
Português (Brasil)
Português (Portugal)
Русский
Svenska
ภาษาไทย
Filipino
Türkçe
中文(简体)
中文(台灣)
বাংলা
ગુજરાતી
हिन्दी
Hrvatski
Magyar
ಕನ್ನಡ
മലയാളം
मराठी
नेपाली
ਪੰਜਾਬੀ
සිංහල
Slovenčina
தமிழ்
తెలుగు
اردو
Tiếng Việt
中文(香港)
Български
Français (Canada)
Română
Српски
Українська
© 2026 Instagram from Meta
Mensagens"
2026-06-08,https://www.instagram.com/davimaialima/reel/DZVEOUUOcDC/,"davimaialima
Áudio original
Seguindo
davimaialima
 
1 sem
Mais um dia de receber muito carinho e muita força. Ontem, em Boca da Mata, com os amigos @henrique.chicao e a vereadora @pollyanadamaso . Seguimos andando por toda Alagoas mostrando nosso trabalho e nossos projetos! #DaviMaiaAL 💚
eloise_manuela1
 
1 sem
👏👏👏👏
Responder
Ver todas as 1 respostas
_rodrigosantos.saude
 
1 sem
👏👏
Responder
Ver todas as 1 respostas
delinha_sena
 
1 sem
👏👏👏👏👏
Responder
Ver todas as 1 respostas
danieldossantos.feitoza
 
1 sem
Meu Deputado federal Davi Maia 🚀🚀🚀👏👏👏
1 curtida
Responder
Ver todas as 1 respostas
paulo643537
 
1 sem
Pra cima 👏🏽👏🏽👏🏽
Responder
Ver todas as 1 respostas
_liandra0
 
1 sem
👏👏🚀🚀
Responder
Ver todas as 1 respostas
lucianoluiz.ll18
 
1 sem
Esse deputado é 10
1 curtida
Responder
Ver todas as 1 respostas
pedrindtn
 
1 sem
Pra cima 👏👏
Responder
Ver todas as 1 respostas
pimentel_edu10
 
1 sem
Pra cima meu deputado 🙌🙌
Responder
Ver todas as 1 respostas
marcosporto1995
 
1 sem
👏
Responder
Ver todas as 1 respostas
murilorafael7
 
1 sem
Bora pra cimaaaaaa Davi👊🏻🚀♻️
Responder
Ver todas as 1 respostas
correa_alessandraa
 
1 sem
👏👏👏👏👏
Responder
Ver todas as 1 respostas
fabio.breda
 
1 sem
Vamos pra cima 🚀🚀🚀
Responder
Ver todas as 1 respostas
tayraolivia
 
1 sem
👏👏👏👏👏👏👏👏
Responder
Ver todas as 1 respostas
cvj_contrucoes
 
1 sem
👏👏👏👏👏
Responder
Ver todas as 1 respostas
472
206
Curtido por suegoncalves e outras 471 pessoas
8 de junho
Mais posts de davimaialima
Meta
Sobre
Blog
Carreiras
Ajuda
API
Privacidade
Termos
Localizações
Popular
Instagram Lite
Meta AI
Threads
Upload de contatos e não usuários
Meta Verified
Português (Brasil)
Afrikaans
العربية
Čeština
Dansk
Deutsch
Ελληνικά
English
English (UK)
Español (España)
Español
فارسی
Suomi
Français
עברית
Bahasa Indonesia
Italiano
日本語
한국어
Bahasa Melayu
Norsk
Nederlands
Polski
Português (Brasil)
Português (Portugal)
Русский
Svenska
ภาษาไทย
Filipino
Türkçe
中文(简体)
中文(台灣)
বাংলা
ગુજરાતી
हिन्दी
Hrvatski
Magyar
ಕನ್ನಡ
മലയാളം
मराठी
नेपाली
ਪੰਜਾਬੀ
සිංහල
Slovenčina
தமிழ்
తెలుగు
اردو
Tiếng Việt
中文(香港)
Български
Français (Canada)
Română
Српски
Українська
© 2026 Instagram from Meta
Mensagens"
2026-06-07,https://www.instagram.com/davimaialima/reel/DZTY89Jv94n/,"rayannetenorio
 e 
davimaialima
Gabriel Guedes de Almeida, Nívea Soares•A Bênção
rayannetenorio
 
1 sem
“Para que todos vejam, e saibam, e considerem, e juntamente entendam que a mão do Senhor fez isso.” Isaísas 41:20

Assim como o pôr do sol anuncia um novo dia, hoje anunciamos um novo começo em nossa família.

Estamos vivendo um sonho! 🥹

Já te amamos muito, nosso presente de Deus! 🤍🤍🤍
gabigoncalvesrl
 
1 sem
Que Deus abençoe vocês! 🙏🏼🙏🏼🙌🏼✨
1 curtida
Responder
carolmjanuario
 
1 sem
Que lindooooo! Mamãe aqui se emocionou… Deus e Nossa Senhora abençoe ainda mais essa família. Vcs são especiais 🙏🏻
Responder
cibelemoura
 
1 sem
Deus abençoe, meus amigos!!!
Responder
eugenioalbuquerque
 
1 sem
Que venha com muita saúde e traga muitas bençãos compadres.
Responder
guilhermer.lopes
 
1 sem
🙏🙏🙏🙏
Responder
ver.vandaflorentino
 
1 sem
Filho é benção de Deus 👏👏👏
Parabéns ao casal e que essa criança venha com muita saúde pq amor não vai faltar ❤️
Responder
alinerodriguesal
 
1 sem
Felicidades!!!! Que Deus abençoe a família de vocês!
Responder
raffinhatenorio
 
1 sem
Titia já amaaa muitooooo!
Deus abençoe sua vida minha princesa com muita saúde, paz, luz e amor! O quanto esperamos a sua chegada e Deus nos concedeu esse presente!
Você foi muito sonhada já ansiosa pra te conhecer! ❤️
2 curtidas
Responder
Ver todas as 1 respostas
joaomparanhos
 
1 sem
👏👏👏👏👏 já descobri que eh menina
1 curtida
Responder
marcellymouraa
 
1 sem
Já estava ansiosaaaaaaa por esse vídeo lindo 🥰🥰🥰🥰🥰🥰🥰
2 curtidas
Responder
limaandreamaia
 
1 sem
Que venha com as bençãos do céu ! Vovô Marcelo deve está feliz !!
9 curtidas
Responder
marcelomaiavl
 
1 sem
Que Deus abençoe essa sobrinha linda! Venha com muita saúde e felicidades ❤️ ❤️❤️
3 curtidas
Responder
marianagmaiia
 
1 sem
Aahhh que lindoss 😍😍😍😍
Não tava mais aguentando guardar essa notícia em forma de benção!!
Feliz demais por vocês, por essa família!
1 curtida
Responder
larissaomenag
 
1 sem
Ahhhhhhhhh ❤️❤️❤️❤️❤️❤️
1 curtida
Responder
gabyronalsa
 
1 sem
Que coisa linda! Que venha com muita saúde 🙏🏻🙏🏻😍
1 curtida
Responder
1,8 mil
289
Curtido por davimaialima e outras 1.761 pessoas
7 de junho
Mais posts de rayannetenorio
Meta
Sobre
Blog
Carreiras
Ajuda
API
Privacidade
Termos
Localizações
Popular
Instagram Lite
Meta AI
Threads
Upload de contatos e não usuários
Meta Verified
Português (Brasil)
Afrikaans
العربية
Čeština
Dansk
Deutsch
Ελληνικά
English
English (UK)
Español (España)
Español
فارسی
Suomi
Français
עברית
Bahasa Indonesia
Italiano
日本語
한국어
Bahasa Melayu
Norsk
Nederlands
Polski
Português (Brasil)
Português (Portugal)
Русский
Svenska
ภาษาไทย
Filipino
Türkçe
中文(简体)
中文(台灣)
বাংলা
ગુજરાતી
हिन्दी
Hrvatski
Magyar
ಕನ್ನಡ
മലയാളം
मराठी
नेपाली
ਪੰਜਾਬੀ
සිංහල
Slovenčina
தமிழ்
తెలుగు
اردو
Tiếng Việt
中文(香港)
Български
Français (Canada)
Română
Српски
Українська
© 2026 Instagram from Meta
Mensagens"
2026-06-06,https://www.instagram.com/davimaialima/reel/DZQqjO8J1yj/,"davimaialima
Áudio original
Seguindo
davimaialima
 
1 sem
É assim que trabalhamos. Mostrando o que já fizemos e o que ainda vamos fazer. Vamos levar esse trabalho para toda Alagoas! #DaviMaiaAL 👊🚀✅
suegoncalves
 
1 sem
Avante!!! Por toda Alagoas!!!
Responder
Ver todas as 1 respostas
eltiiinhow
 
1 sem
👏🏾👏🏾👏🏾👏🏾👏🏾🤝
Responder
Ver todas as 1 respostas
vanessasanta_
 
1 sem
👏👏👏👏
Responder
Ver todas as 1 respostas
arthursilva6603
 
1 sem
👏👏
Responder
Ver todas as 1 respostas
_adivaldo_olavo_
 
1 sem
👏👏👏👏
Responder
Ver todas as 1 respostas
drogaria_caetano
 
1 sem
👏👏👏👏👏👏
Responder
Ver todas as 1 respostas
nutri_amandaalmeidaa
 
1 sem
👏👏 Orgulho em fazer parte desse projeto
Responder
Ver todas as 1 respostas
geraldoaraujo450
 
1 sem
Tem trabalho pra mostrar 👏👏👏
Responder
Ver todas as 1 respostas
fvaninha
 
1 sem
👏👏👏
Responder
Ver todas as 1 respostas
marcia.silva.3785
 
1 sem
👏👏👏
1 curtida
Responder
Ver todas as 1 respostas
vipcar223
 
1 sem
👏👏👏👏👏
Responder
Ver todas as 1 respostas
____jessicamsantos
 
1 sem
👏👏👏
Responder
Ver todas as 1 respostas
robertoandrade742
 
1 sem
👏👏👏👏
Responder
Ver todas as 1 respostas
daay__sillva
 
1 sem
Avante 🚀👏👏
Responder
Ver tradução
Ver todas as 1 respostas
josewandree
 
1 sem
🙌
Responder
Ver todas as 1 respostas
757
221
Curtido por ricardinhosantaritta e outras 756 pessoas
6 de junho
Mais posts de davimaialima
Meta
Sobre
Blog
Carreiras
Ajuda
API
Privacidade
Termos
Localizações
Popular
Instagram Lite
Meta AI
Threads
Upload de contatos e não usuários
Meta Verified
Português (Brasil)
Afrikaans
العربية
Čeština
Dansk
Deutsch
Ελληνικά
English
English (UK)
Español (España)
Español
فارسی
Suomi
Français
עברית
Bahasa Indonesia
Italiano
日本語
한국어
Bahasa Melayu
Norsk
Nederlands
Polski
Português (Brasil)
Português (Portugal)
Русский
Svenska
ภาษาไทย
Filipino
Türkçe
中文(简体)
中文(台灣)
বাংলা
ગુજરાતી
हिन्दी
Hrvatski
Magyar
ಕನ್ನಡ
മലയാളം
मराठी
नेपाली
ਪੰਜਾਬੀ
සිංහල
Slovenčina
தமிழ்
తెలుగు
اردو
Tiếng Việt
中文(香港)
Български
Français (Canada)
Română
Српски
Українська
© 2026 Instagram from Meta
Mensagens"
2026-06-05,https://www.instagram.com/davimaialima/reel/DZOFRQMpndT/,"davimaialima
Áudio original
Seguindo
davimaialima
 
1 sem
Cuidar do meio ambiente sempre foi compromisso. E compromisso se mostra com trabalho. Ao longo da minha trajetória, atuei para fortalecer políticas ambientais, incentivar a coleta seletiva e defender iniciativas que unem desenvolvimento e preservação.

Seguimos trabalhando por um futuro mais sustentável para todos. #DiaDoMeioAmbiente #DaviMaiaAL 💚
ver.vandaflorentino
 
1 sem
Esse @davimaialima é diferenciado 👏👏👏👏👏parabéns nosso deputado federal
1 curtida
Responder
Ver todas as 1 respostas
pereiralucildo
 
1 sem
Davi Maia você tem vocação pra fazer história você faz com amor oque faz igual o seu querido pai fazia esta sua campanha será uma campanha muito emocionante porque está faltando um cara que que quando ele falava as pessoas ficava traquila ele sabia a calma quem tava a frinto é sempre Tim uma palavra de com forto sempre que ele mim via ele mim chama vade meu querido nunca esquecerei falando isso da até vontade de chorar
Responder
Ver todas as 2 respostas
eltiiinhow
 
1 sem
👏🏾👏🏾👏🏾👏🏾
Responder
Ver todas as 1 respostas
jadsondesign.al
 
1 sem
👏👏👏👏👏👏👏
Responder
Ver todas as 1 respostas
jariodiasdias
 
1 sem
👏👏👏👏
Responder
Ver todas as 1 respostas
ari_tavaresof
 
1 sem
Nosso deputado federal 👏
Responder
Ver todas as 1 respostas
anakarine.farma
 
1 sem
O melhor secretário do meio ambiente! 👏👏
Responder
Ver todas as 1 respostas
delaineallves
 
1 sem
👏🏻👏🏻👏🏻👏🏻👏🏻👏🏻
Responder
Ver todas as 1 respostas
vanessasanta_
 
1 sem
👏👏👏👏👏👏
Responder
Ver todas as 1 respostas
profmarcianubia
 
1 sem
👏👏👏👏
Responder
Ver todas as 1 respostas
idevilsopazgmail.com9
 
1 sem
Tmjs meu Deputado.
Responder
Ver todas as 1 respostas
lekasilvaleka
 
1 sem
👏👏👏👏👏👏
Responder
Ver todas as 1 respostas
_monicavieira01
 
1 sem
👏👏👏 meu futuro deputado 🙏
Responder
Ver todas as 2 respostas
lizianasonaly
 
1 sem
Estamos com você!👏👏👏
Responder
Ver todas as 1 respostas
douglassilvazul
 
1 sem
👏👏👏
Responder
Ver todas as 1 respostas
Este reel tem 3 comentários no Facebook.
518
208
Curtido por suegoncalves e outras 517 pessoas
5 de junho
Mais posts de davimaialima
Meta
Sobre
Blog
Carreiras
Ajuda
API
Privacidade
Termos
Localizações
Popular
Instagram Lite
Meta AI
Threads
Upload de contatos e não usuários
Meta Verified
Português (Brasil)
Afrikaans
العربية
Čeština
Dansk
Deutsch
Ελληνικά
English
English (UK)
Español (España)
Español
فارسی
Suomi
Français
עברית
Bahasa Indonesia
Italiano
日本語
한국어
Bahasa Melayu
Norsk
Nederlands
Polski
Português (Brasil)
Português (Portugal)
Русский
Svenska
ภาษาไทย
Filipino
Türkçe
中文(简体)
中文(台灣)
বাংলা
ગુજરાતી
हिन्दी
Hrvatski
Magyar
ಕನ್ನಡ
മലയാളം
मराठी
नेपाली
ਪੰਜਾਬੀ
සිංහල
Slovenčina
தமிழ்
తెలుగు
اردو
Tiếng Việt
中文(香港)
Български
Français (Canada)
Română
Српски
Українська
© 2026 Instagram from Meta
Mensagens"
2026-06-02,https://www.instagram.com/davimaialima/reel/DZFngkcuwM_/,"davimaialima
Áudio original
Seguindo
davimaialima
 
2 sem
Quem me acompanha há mais tempo sabe que existe um compromisso de fé que carrego comigo: todos os anos voltar ao Bom Jesus da Lapa. Uma conexão que sempre tocou meu coração. Esse é um lugar de paz, de pertencimento e de renovação. Rezo pelos amigos, pela família e volto fortalecido para seguir mais um ano. 

Na graça do Bom Jesus, ano que vem estaremos aqui novamente. 🙏🏼💚
suegoncalves
 
2 sem
Que o Bom Jesus te guarde e ilumine!!!
Responder
Ver todas as 1 respostas
lem0s_s2
 
2 sem
👏🙌🙌🔥🔥
1 curtida
Responder
Ver todas as 1 respostas
e.kelwinn
 
2 sem
👏👏
Responder
Ver todas as 1 respostas
auriane_cavalcanti
 
2 sem
Já deu tudo certo 🙌 Deus te abençoe sempre nosso DEPUTADO FEDERAL 👏👏👏👏
Responder
Ver todas as 1 respostas
borussia_pta
 
2 sem
👏
Responder
Ver todas as 1 respostas
alessandra.santos14
 
2 sem
Com Deus no inicio nos tornamos imparáveis, já Deu certo
1 curtida
Responder
Ver todas as 1 respostas
daay__sillva
 
2 sem
A verdadeira riqueza está em manter viva a fé, ano após ano. Linda atitude. 🙌✨
Responder
Ver todas as 1 respostas
zluanmelo
 
2 sem
🙏🙏🙏
Responder
Ver todas as 1 respostas
laramillena
 
2 sem
👏👏🙌🙌
Responder
Ver todas as 1 respostas
kryslanne_sales
 
2 sem
Tmj 🤝
Responder
Ver todas as 1 respostas
lacos_da_gabys2
 
2 sem
Que o Senhor continue te abençoando sempre 🙌🙌🙌🙌
1 curtida
Responder
Ver todas as 1 respostas
alanfilho11
 
2 sem
🙌
Responder
Ver todas as 1 respostas
delinha_sena
 
2 sem
👏👏👏👏
Responder
Ver todas as 1 respostas
dalvavlima
 
2 sem
🙌🙌🙌
Responder
Ver todas as 1 respostas
silvanabandeira2026
 
2 sem
Que o bom Jesus seja nosso refúgio e fortaleza 🙏
Responder
Ver todas as 1 respostas
Este reel tem 2 comentários no Facebook.
382
174
Curtido por ricardinhosantaritta e outras 381 pessoas
2 de junho
Mais posts de davimaialima
Meta
Sobre
Blog
Carreiras
Ajuda
API
Privacidade
Termos
Localizações
Popular
Instagram Lite
Meta AI
Threads
Upload de contatos e não usuários
Meta Verified
Português (Brasil)
Afrikaans
العربية
Čeština
Dansk
Deutsch
Ελληνικά
English
English (UK)
Español (España)
Español
فارسی
Suomi
Français
עברית
Bahasa Indonesia
Italiano
日本語
한국어
Bahasa Melayu
Norsk
Nederlands
Polski
Português (Brasil)
Português (Portugal)
Русский
Svenska
ภาษาไทย
Filipino
Türkçe
中文(简体)
中文(台灣)
বাংলা
ગુજરાતી
हिन्दी
Hrvatski
Magyar
ಕನ್ನಡ
മലയാളം
मराठी
नेपाली
ਪੰਜਾਬੀ
සිංහල
Slovenčina
தமிழ்
తెలుగు
اردو
Tiếng Việt
中文(香港)
Български
Français (Canada)
Română
Српски
Українська
© 2026 Instagram from Meta
Mensagens"
2026-05-31,https://www.instagram.com/davimaialima/reel/DZAasJvpjYF/,"davimaialima
 e outros 2
Áudio original
davimaialima
 
2 sem
Hoje, eu e @rayannetenorio , visitamos o Instituto Elosa Florentino, em Maribondo, e conhecemos de perto o importante trabalho realizado pela amiga e vereadora @ver.vandaflorentino em prol da saúde e da assistência social. Além dos atendimentos à população, o instituto amplia suas ações com novos projetos voltados às crianças com TEA, fisioterapia, terapia ocupacional, qualificação profissional e educação. 

Uma iniciativa que transforma vidas e leva mais cuidado e oportunidades para quem mais precisa. E nós vamos seguir juntos para que iniciativas como essa tenham cada vez mais sucesso e suporte.🤝🫶🏻
#davimaia #alagoas #maribondo
suegoncalves
 
2 sem
Pra cima, Maribondo!!!! Deus a abençoe @ver.vandaflorentino
2 curtidas
Responder
Ver todas as 1 respostas
ver.vandaflorentino
 
2 sem
Estamos juntos
1 curtida
Responder
rayannetenorio
 
2 sem
🚀🚀🚀🚀😍😍😍
2 curtidas
Responder
Ver todas as 2 respostas
cassio.carlos.cs
 
2 sem
👏👏👏👏👏
1 curtida
Responder
Ver todas as 2 respostas
johne.verty
 
2 sem
👏👏👏👏👏
1 curtida
Responder
Ver todas as 1 respostas
vipcar223
 
2 sem
👏👏👏👏👏
1 curtida
Responder
Ver todas as 1 respostas
vanessasanta_
 
2 sem
👏👏👏👏👏👏
1 curtida
Responder
Ver todas as 1 respostas
cinthialeticiahmfs
 
2 sem
👏👏👏👏👏
1 curtida
Responder
Ver todas as 1 respostas
caiqueblima
 
2 sem
👏👏👏👏👏
1 curtida
Responder
Ver todas as 1 respostas
mariliagabrielagaribeiro
 
2 sem
👏👏
1 curtida
Responder
Ver todas as 1 respostas
waleria_wm
 
2 sem
👏👏👏😍
1 curtida
Responder
Ver todas as 1 respostas
lygiasz_
 
2 sem
👏👏👏👏👏
1 curtida
Responder
Ver todas as 1 respostas
felipegoncalves.gd
 
2 sem
👏👏👏
1 curtida
Responder
Ver todas as 1 respostas
thiagoloureiro84
 
2 sem
👏👏👏👏
1 curtida
Responder
Ver todas as 1 respostas
liudomucambinho
 
2 sem
👏👏👏👏
1 curtida
Responder
Ver todas as 1 respostas
528
117
Curtido por arysantiago e outras 527 pessoas
31 de maio
Mais posts de davimaialima
Meta
Sobre
Blog
Carreiras
Ajuda
API
Privacidade
Termos
Localizações
Popular
Instagram Lite
Meta AI
Threads
Upload de contatos e não usuários
Meta Verified
Português (Brasil)
Afrikaans
العربية
Čeština
Dansk
Deutsch
Ελληνικά
English
English (UK)
Español (España)
Español
فارسی
Suomi
Français
עברית
Bahasa Indonesia
Italiano
日本語
한국어
Bahasa Melayu
Norsk
Nederlands
Polski
Português (Brasil)
Português (Portugal)
Русский
Svenska
ภาษาไทย
Filipino
Türkçe
中文(简体)
中文(台灣)
বাংলা
ગુજરાતી
हिन्दी
Hrvatski
Magyar
ಕನ್ನಡ
മലയാളം
मराठी
नेपाली
ਪੰਜਾਬੀ
සිංහල
Slovenčina
தமிழ்
తెలుగు
اردو
Tiếng Việt
中文(香港)
Български
Français (Canada)
Română
Српски
Українська
© 2026 Instagram from Meta
Mensagens"
2026-05-24,https://www.instagram.com/davimaialima/reel/DYvSpCDJo83/,"davimaialima
Áudio original
Seguindo
davimaialima
 
3 sem
É assim que fazemos. Mostrando o que fizemos e o que ainda vamos fazer. Olho no olho, com muito carinho e muito respeito. Obrigado, União Dos Palmares. 💚#DaviMaiaAL
ver.vandaflorentino
 
3 sem
👏👏👏👏👏👏👏👏👏
Responder
Ver todas as 1 respostas
suegoncalves
 
3 sem
É o CARA!!👏👏👏👏
Responder
Ver todas as 1 respostas
thays.calheiros
 
3 sem
👏👏👏👏
Responder
Ver todas as 1 respostas
prmarcellovico2
 
3 sem
🙌🙌🙌
Responder
Ver todas as 1 respostas
peumadeiro
 
3 sem
✅✅✅✅
Responder
Ver todas as 1 respostas
institutonicacio
 
3 sem
👏👏👏👏👏👏👏👏👏👏👏👏👏👏👏👏👏👏👏👏👏👏👏👏👏👏👏👏👏👏👏👏👏👏👏👏🚀🚀🚀🚀🚀🚀🚀🚀🚀🚀🚀🚀🚀🚀🚀
1 curtida
Responder
Ver todas as 1 respostas
livia_oliveira.s4
 
3 sem
A enfermagem será bem representada 👏👏👏❤️
Responder
Ver todas as 1 respostas
limaandreamaia
 
3 sem
👏👏👏👏👏
Responder
Ver todas as 1 respostas
betesantosss__
 
3 sem
👏👏👏👏👏👏🚀🚀
Responder
Ver todas as 1 respostas
drogaria_caetano
 
3 sem
👏👏👏👏👏👏
Responder
Ver todas as 1 respostas
profmarcianubia
 
3 sem
👏👏👏👏
Responder
Ver todas as 1 respostas
_sanaellearaujo
 
3 sem
👏👏👏👏👏👏
Responder
Ver todas as 1 respostas
leidianesiilvaa
 
3 sem
👏👏👏
Responder
Ver todas as 1 respostas
andreportosilva
 
3 sem
👏👏👏
Responder
Ver todas as 1 respostas
ruancarlos_barros
 
3 sem
👏👏👏👏👏👏
Responder
Ver todas as 1 respostas
Este reel tem 2 comentários no Facebook.
366
173
Curtido por suegoncalves e outras 365 pessoas
24 de maio
Mais posts de davimaialima
Meta
Sobre
Blog
Carreiras
Ajuda
API
Privacidade
Termos
Localizações
Popular
Instagram Lite
Meta AI
Threads
Upload de contatos e não usuários
Meta Verified
Português (Brasil)
Afrikaans
العربية
Čeština
Dansk
Deutsch
Ελληνικά
English
English (UK)
Español (España)
Español
فارسی
Suomi
Français
עברית
Bahasa Indonesia
Italiano
日本語
한국어
Bahasa Melayu
Norsk
Nederlands
Polski
Português (Brasil)
Português (Portugal)
Русский
Svenska
ภาษาไทย
Filipino
Türkçe
中文(简体)
中文(台灣)
বাংলা
ગુજરાતી
हिन्दी
Hrvatski
Magyar
ಕನ್ನಡ
മലയാളം
मराठी
नेपाली
ਪੰਜਾਬੀ
සිංහල
Slovenčina
தமிழ்
తెలుగు
اردو
Tiếng Việt
中文(香港)
Български
Français (Canada)
Română
Српски
Українська
© 2026 Instagram from Meta
Mensagens"
2026-05-22,https://www.instagram.com/davimaialima/reel/DYqCzJkvjCs/,"davimaialima
Áudio original
Seguindo
davimaialima
 
3 sem
O peixe-boi é um símbolo da nossa biodiversidade e um patrimônio natural que precisa ser protegido. O que aconteceu não é carinho, é crime ambiental. Tocar, abraçar, subir no animal ou impedir sua liberdade coloca em risco uma espécie ameaçada de extinção e pode gerar multa e até prisão, conforme a Lei 9.605/98.

Precisamos fazer nossa parte. Admirar de longe, respeitar o espaço do animal e orientar quem não tem informação. O peixe-boi não é atração turística nem brinquedo. É um ser vivo que precisa da nossa proteção para continuar existindo. Cuidar do meio ambiente também é um ato de consciência e responsabilidade com as futuras gerações. #DaviMaiaAL #MeioAmbiente
joane.salesv
 
3 sem
Parabéns pela sua fala Davi, desde já lhe convido para vim aqui na Associação Peixe-boi em Porto de Pedras para realizar o nosso passeio de observação de peixe-boi, onde trabalhamos diariamente, incansavelmente para manter essa espécie em existência e através do nosso passeio sustentamos diretamente quase 60 famílias e indiretamente mais de 100 famílias. Sou natural de Quebrangulo mas estou aqui na região de Porto de Pedras a 13 anos e a 5 anos trabalhando na área ambiental 👏🏼💚
13 curtidas
Responder
Ver todas as 1 respostas
portodepedrasoficial
 
3 sem
👏👏👏
Responder
Ver todas as 1 respostas
myrelalisboaa
 
3 sem
👏👏👏👏
Responder
Ver todas as 2 respostas
fabio.breda
 
3 sem
👏👏👏
Responder
Ver todas as 1 respostas
vereadorcarlinhosoliveira
 
3 sem
👏👏
Responder
Ver todas as 1 respostas
ewerton.correia.560
 
3 sem
👏👏👏👏
Responder
Ver todas as 1 respostas
elaniohenrique15
 
3 sem
👏👏👏👏👏
Responder
Ver todas as 1 respostas
prmarcellovico2
 
3 sem
Sabias palavras meu Dep federal @davimaialima
1 curtida
Responder
Ver todas as 1 respostas
liudomucambinho
 
3 sem
👏👏👏👏
Responder
Ver todas as 1 respostas
alinee_carla
 
3 sem
👏👏👏
Responder
Ver todas as 1 respostas
chrystianolyra
 
3 sem
👏👏👏
Responder
Ver todas as 1 respostas
betesantosss__
 
3 sem
👏👏👏👏👏
1 curtida
Responder
Ver todas as 1 respostas
romario_maceio
 
3 sem
👏👏👏👏
Responder
Ver todas as 1 respostas
_aninhasillva00
 
3 sem
👏👏👏
Responder
Ver todas as 1 respostas
poliana_0s
 
3 sem
👏👏
Responder
Ver todas as 1 respostas
472
121
Curtido por ricardinhosantaritta e outras 471 pessoas
22 de maio
Mais posts de davimaialima
Meta
Sobre
Blog
Carreiras
Ajuda
API
Privacidade
Termos
Localizações
Popular
Instagram Lite
Meta AI
Threads
Upload de contatos e não usuários
Meta Verified
Português (Brasil)
Afrikaans
العربية
Čeština
Dansk
Deutsch
Ελληνικά
English
English (UK)
Español (España)
Español
فارسی
Suomi
Français
עברית
Bahasa Indonesia
Italiano
日本語
한국어
Bahasa Melayu
Norsk
Nederlands
Polski
Português (Brasil)
Português (Portugal)
Русский
Svenska
ภาษาไทย
Filipino
Türkçe
中文(简体)
中文(台灣)
বাংলা
ગુજરાતી
हिन्दी
Hrvatski
Magyar
ಕನ್ನಡ
മലയാളം
मराठी
नेपाली
ਪੰਜਾਬੀ
සිංහල
Slovenčina
தமிழ்
తెలుగు
اردو
Tiếng Việt
中文(香港)
Български
Français (Canada)
Română
Српски
Українська
© 2026 Instagram from Meta
Mensagens"
2026-05-19,https://www.instagram.com/davimaialima/reel/DYiUbIAyTuR/,"davimaialima
Áudio original
Seguindo
davimaialima
 
4 sem
Muita gente se choca ao ver um cavalo puxando uma carroça. Mas quase ninguém se incomoda quando é um ser humano que carrega esse peso todos os dias.
Os catadores de recicláveis são trabalhadores invisíveis, fundamentais para a coleta seletiva e para a preservação do meio ambiente. Eles geram renda, sustentam famílias e ajudam a manter nossa cidade mais limpa , mas não recebem o reconhecimento que merecem.
Essa é uma bandeira que defendo com convicção: dar visibilidade, dignidade e valorização a quem faz esse trabalho essencial. Já conquistamos avanços, mas ainda há muito por construir. 💚♻️ #DaviMaiaAL
gomes01_santos
 
4 sem
👏👏👏
Responder
Ver todas as 1 respostas
cassiopeixoto_
 
4 sem
👏👏👏👏
Responder
Ver todas as 1 respostas
thiago_santos_gomes
 
4 sem
👏👏👏👏👏👏
Responder
Ver todas as 1 respostas
marcosporto1995
 
4 sem
👏👏👏
Responder
Ver todas as 1 respostas
elaniohenrique15
 
4 sem
👏👏👏👏👏
Responder
Ver todas as 1 respostas
____jessicamsantos
 
4 sem
👏👏👏👏
Responder
Ver todas as 1 respostas
leticiaayallaof_
 
4 sem
👏👏👏 🚀🚀
Responder
Ver todas as 1 respostas
girleande_feitosa
 
4 sem
👏👏👏👏
Responder
Ver todas as 1 respostas
eltiiinhow
 
4 sem
👏👏👏👏
Responder
Ver todas as 1 respostas
daay__sillva
 
4 sem
Parabéns por usar sua voz para dar visibilidade a quem luta diariamente com tanto esforço e dignidade. 👏♻️ Todo trabalho merece respeito e reconhecimento!
Responder
Ver todas as 1 respostas
brenoscordeiro
 
4 sem
👏👏👏👏👏
Responder
Ver todas as 1 respostas
fabio.breda
 
4 sem
👏👏👏👏
Responder
Ver todas as 1 respostas
pedropolimentosof
 
4 sem
👏🏾👏🏾👏🏾
Responder
Ver todas as 1 respostas
netopauferro
 
4 sem
👏👏👏
Responder
Ver todas as 1 respostas
asscomat
 
4 sem
Concordamos plenamente! @davimaialima 😚
Responder
Ver todas as 1 respostas
Este reel tem 2 comentários no Facebook.
928
268
Curtido por danielmotaferreira e outras 927 pessoas
19 de maio
Mais posts de davimaialima
Meta
Sobre
Blog
Carreiras
Ajuda
API
Privacidade
Termos
Localizações
Popular
Instagram Lite
Meta AI
Threads
Upload de contatos e não usuários
Meta Verified
Português (Brasil)
Afrikaans
العربية
Čeština
Dansk
Deutsch
Ελληνικά
English
English (UK)
Español (España)
Español
فارسی
Suomi
Français
עברית
Bahasa Indonesia
Italiano
日本語
한국어
Bahasa Melayu
Norsk
Nederlands
Polski
Português (Brasil)
Português (Portugal)
Русский
Svenska
ภาษาไทย
Filipino
Türkçe
中文(简体)
中文(台灣)
বাংলা
ગુજરાતી
हिन्दी
Hrvatski
Magyar
ಕನ್ನಡ
മലയാളം
मराठी
नेपाली
ਪੰਜਾਬੀ
සිංහල
Slovenčina
தமிழ்
తెలుగు
اردو
Tiếng Việt
中文(香港)
Български
Français (Canada)
Română
Српски
Українська
© 2026 Instagram from Meta
Mensagens"
2026-05-19,https://www.instagram.com/davimaialima/reel/DYhOjdWOA8F/,"davimaialima
Áudio original
Seguindo
davimaialima
 
4 sem
Boa terça a todos 🙏✨
Levantar cedo pra luta, com fé em Deus no coração e o abraço sincero de quem acredita nas pessoas. ❤️
Seguimos firmes, trabalhando, ouvindo e caminhando junto do povo. Deus no comando sempre! 🙌
#davimaiaal #alagoas #deusnocomandosempre🙏❤️
suegoncalves
 
4 sem
👏👏👏👏
Responder
Ver todas as 1 respostas
danilooliveira7075
 
4 sem
👏👏👏👏👏
Responder
Ver todas as 1 respostas
leorasta.vereador
 
4 sem
Vc é diferente meu amigo estamos juntos
Responder
Ver todas as 1 respostas
tania.shalom
 
4 sem
Vamos em frente meu futuro Deputado Federal 👏👏👏
Responder
Ver todas as 1 respostas
sushi_japayakisoba
 
4 sem
Estamos juntos!!!
Responder
Ver todas as 1 respostas
thamaragardenia
 
4 sem
🚀🚀👏👏👏
Responder
Ver todas as 1 respostas
prof_radson50
 
4 sem
Alagoas precisa de um genuíno representante dos interesses do povo alagoano.
Responder
Ver todas as 1 respostas
dayanesouza__7
 
4 sem
👏👏👏👏
Responder
Ver todas as 1 respostas
kleytonviniciusjj
 
4 sem
👏👏👏👏👏👏👏
Responder
Ver todas as 1 respostas
ewerton.correia.560
 
4 sem
👏👏👏🚀🚀🚀🚀
Responder
Ver todas as 1 respostas
vitor.58555
 
4 sem
Pra cima, tamo junto!👏👏👏👏👏
Responder
Ver todas as 3 respostas
alessandrahonorato_
 
4 sem
👏👏👏
Responder
Ver todas as 1 respostas
marcelinaliraa
 
4 sem
👏👏👏👏👏
Responder
Ver todas as 1 respostas
sindisaomiguel
 
4 sem
👏👏👏
Responder
Ver todas as 2 respostas
betesantosss__
 
4 sem
🚀🚀🚀🙌🙌🙌👏👏👏
Responder
Ver todas as 1 respostas
Este reel tem 1 comentário no Facebook.
459
148
Curtido por ricardinhosantaritta e outras 458 pessoas
19 de maio
Mais posts de davimaialima
Meta
Sobre
Blog
Carreiras
Ajuda
API
Privacidade
Termos
Localizações
Popular
Instagram Lite
Meta AI
Threads
Upload de contatos e não usuários
Meta Verified
Português (Brasil)
Afrikaans
العربية
Čeština
Dansk
Deutsch
Ελληνικά
English
English (UK)
Español (España)
Español
فارسی
Suomi
Français
עברית
Bahasa Indonesia
Italiano
日本語
한국어
Bahasa Melayu
Norsk
Nederlands
Polski
Português (Brasil)
Português (Portugal)
Русский
Svenska
ภาษาไทย
Filipino
Türkçe
中文(简体)
中文(台灣)
বাংলা
ગુજરાતી
हिन्दी
Hrvatski
Magyar
ಕನ್ನಡ
മലയാളം
मराठी
नेपाली
ਪੰਜਾਬੀ
සිංහල
Slovenčina
தமிழ்
తెలుగు
اردو
Tiếng Việt
中文(香港)
Български
Français (Canada)
Română
Српски
Українська
© 2026 Instagram from Meta
Mensagens"
2026-05-14,https://www.instagram.com/davimaialima/reel/DYVcXZrBndw/,"davimaialima
Áudio original
Seguindo
davimaialima
 
4 sem
Ser recebido com tanto carinho é o combustível que me dá força para seguir em frente. E ouvir as pessoas falando do meu pai enche meu coração de orgulho. E foi assim em São José da Tapera. Tem coisas que dinheiro nenhum compra; o abraço sincero, o carinho do povo e a certeza de estar no caminho certo. Cada conversa, cada sorriso e cada demonstração de apoio só aumentam minha vontade de trabalhar ainda mais pela nossa gente. Seguimos juntos, com fé, compromisso e muito trabalho. 💚#DaviMaiaAL
nadiellerufino
 
4 sem
👏👏👏estamos juntos! Meu deputado federal!
Responder
Ver todas as 1 respostas
cassio.carlos.cs
 
4 sem
👏👏👏👏👏
Responder
Ver todas as 1 respostas
francisconascimento3288
 
4 sem
👏👏👏👏👏👏👏
Responder
Ver todas as 1 respostas
jododai
 
4 sem
Estamos juntos. Força e coragem sempre......🙌🙌🙌🙌🙌🙌
Responder
Ver todas as 1 respostas
eudes8986
 
4 sem
👏👏👏👏
Responder
Ver todas as 1 respostas
fabinho_fitness
 
4 sem
Muito bem meu deputado👏👏👏
Responder
Ver todas as 1 respostas
marciaalbuquerque103
 
4 sem
👏👏👏👏🤩
Responder
Ver todas as 1 respostas
audineya
 
4 sem
Esse faz a diferença
Responder
Ver todas as 1 respostas
antonellatn._
 
4 sem
👏👏👏
Responder
Ver todas as 1 respostas
antonellatn._
 
4 sem
🚀🙌
Responder
Ver todas as 1 respostas
shellington.angelino
 
4 sem
Tamos juntos Davi maia,pra cima!!!
Responder
Ver todas as 1 respostas
pereiralucildo
 
4 sem
E emocionante Davi Maia ver isso é você é orgulho de quebrangulo onde seu querido pai esteve tá orgulhoso de você
Responder
Ver todas as 1 respostas
walterbomfim.adv
 
4 sem
👏👏👏👏
Responder
Ver todas as 1 respostas
romario_maceio
 
4 sem
👏👏👏
Responder
Ver todas as 1 respostas
_sanaellearaujo
 
4 sem
👏👏👏👏
1 curtida
Responder
Ver todas as 1 respostas
483
176
Curtido por ricardinhosantaritta e outras 482 pessoas
14 de maio
Mais posts de davimaialima
Meta
Sobre
Blog
Carreiras
Ajuda
API
Privacidade
Termos
Localizações
Popular
Instagram Lite
Meta AI
Threads
Upload de contatos e não usuários
Meta Verified
Português (Brasil)
Afrikaans
العربية
Čeština
Dansk
Deutsch
Ελληνικά
English
English (UK)
Español (España)
Español
فارسی
Suomi
Français
עברית
Bahasa Indonesia
Italiano
日本語
한국어
Bahasa Melayu
Norsk
Nederlands
Polski
Português (Brasil)
Português (Portugal)
Русский
Svenska
ภาษาไทย
Filipino
Türkçe
中文(简体)
中文(台灣)
বাংলা
ગુજરાતી
हिन्दी
Hrvatski
Magyar
ಕನ್ನಡ
മലയാളം
मराठी
नेपाली
ਪੰਜਾਬੀ
සිංහල
Slovenčina
தமிழ்
తెలుగు
اردو
Tiếng Việt
中文(香港)
Български
Français (Canada)
Română
Српски
Українська
© 2026 Instagram from Meta
Mensagens"
2026-05-12,https://www.instagram.com/davimaialima/reel/DYQWKv_p5Cw/,"davimaialima
 e 
fabriciaferreiraof
Áudio original
davimaialima
 
5 sem
Dia de celebrar profissionais fundamentais para a nossa saúde. Hoje é o Dia da Enfermagem! Tenho uma enorme admiração pelo trabalho, pela dedicação e pelo cuidado que vocês levam diariamente a tantas pessoas. E sigo junto na luta por mais avanços, reconhecimento e valorização da categoria.

Em nome da Fabrícia, deixo meus parabéns a todos os enfermeiros e enfermeiras alagoanos. Vocês fazem a diferença todos os dias! 💚✨
suegoncalves
 
5 sem
Avante Enfermagem!!! Vamos continuar com um representante, não só em Alagoas.!! Rumo a Brasília!!
1 curtida
Responder
Ver todas as 2 respostas
enfermary2025
 
5 sem
Essa representa com categoria 👏
Responder
Ver todas as 1 respostas
emersonsantos2376
 
5 sem
👏👏👏
Responder
Ver todas as 1 respostas
edivaniasantoss2
 
5 sem
👏👏👏👏👏
Responder
Ver todas as 1 respostas
ligia_vianney
 
5 sem
Esse ano vai arrebentar 👏👏👏🔥🔥🔥 SIMBORAAA❤️
Responder
Ver todas as 2 respostas
sarasantos342
 
5 sem
Ela é marabilhosaaaaaa
Responder
Ver todas as 2 respostas
maragabrielaenfermeira
 
5 sem
👏👏👏maravilhosa
Responder
Ver todas as 1 respostas
carlosgvss
 
5 sem
👏👏👏👏
Responder
Ver todas as 1 respostas
eduardopaus
 
5 sem
👏👏👏 Me Representa! PE
Responder
Ver todas as 1 respostas
queridinhodaenfermagem_
 
5 sem
👏👏👏👏👏
Responder
Ver todas as 1 respostas
claudiasantos19
 
5 sem
😍😍😍😍😍😍ela arrasa
Responder
Ver todas as 1 respostas
fer_taynnara
 
5 sem
👏👏👏👏👏👏
Responder
Ver todas as 1 respostas
tayraolivia
 
5 sem
👏👏👏👏👏 🚀 🚀
Responder
Ver todas as 1 respostas
carvalhou66
 
5 sem
👏👏👏👏👏👏👏
1 curtida
Responder
Ver todas as 1 respostas
mariliagabrielagaribeiro
 
5 sem
👏👏👏👏👏👏
Responder
Ver todas as 1 respostas
752
181
Curtido por suegoncalves e outras 751 pessoas
12 de maio
Mais posts de davimaialima
Meta
Sobre
Blog
Carreiras
Ajuda
API
Privacidade
Termos
Localizações
Popular
Instagram Lite
Meta AI
Threads
Upload de contatos e não usuários
Meta Verified
Português (Brasil)
Afrikaans
العربية
Čeština
Dansk
Deutsch
Ελληνικά
English
English (UK)
Español (España)
Español
فارسی
Suomi
Français
עברית
Bahasa Indonesia
Italiano
日本語
한국어
Bahasa Melayu
Norsk
Nederlands
Polski
Português (Brasil)
Português (Portugal)
Русский
Svenska
ภาษาไทย
Filipino
Türkçe
中文(简体)
中文(台灣)
বাংলা
ગુજરાતી
हिन्दी
Hrvatski
Magyar
ಕನ್ನಡ
മലയാളം
मराठी
नेपाली
ਪੰਜਾਬੀ
සිංහල
Slovenčina
தமிழ்
తెలుగు
اردو
Tiếng Việt
中文(香港)
Български
Français (Canada)
Română
Српски
Українська
© 2026 Instagram from Meta
Mensagens"
2026-05-10,https://www.instagram.com/davimaialima/reel/DYKuB_KJKF0/,"davimaialima
Áudio original
Seguindo
davimaialima
 
Editado
•
5 sem
Feliz dia das Mães 💚
herica_barros04
 
5 sem
Tive o prazer de conhecer sua mãe. Uma ser de luz, que Deus abençoe a vida dela e de todas as mães.
Responder
Ver todas as 1 respostas
ubiratanfnunes
 
5 sem
👏👏👏👏👏👏👏
Responder
Ver todas as 1 respostas
prfelipecampos
 
5 sem
😍😍😍😍
Responder
Ver todas as 1 respostas
betinho_soares25
 
5 sem
👏👏👏👏👏👏👏👏👏
Responder
Ver todas as 2 respostas
larissa23lcg
 
5 sem
Que lindooooo! Andrea é uma mulher de força, firmeza e amor! 😍 Feliz dia Andréa!
1 curtida
Responder
Ver todas as 1 respostas
patriciacorretoramcz
 
5 sem
❤️🙌🙌
Responder
Ver todas as 1 respostas
edilmaferro
 
5 sem
👏👏👏👏👏👏❤️❤️❤️
Responder
Ver todas as 1 respostas
luzia.teixeir
 
5 sem
Obrigada eu recebo Deus continue abençoando essa mães lindas maravilhosas princesas do coração de Jesus feliz dias da mães pra suas rainhas 👏👏👏👏👏👏👏👏😍😍😍😍😍❤️❤️❤️
Responder
Ver todas as 1 respostas
mayaninhagl
 
5 sem
Feliz dia das mamãe😍👏👏👏👏👏👏👏👏👏👏👏👏🙌🙌🙌🙌🙌🙌🙌
Responder
Ver todas as 1 respostas
anailton_baptista_02
 
5 sem
👏👏👏👏
Responder
Ver todas as 1 respostas
kesiagleide
 
5 sem
Feliz dia das mães Andréia
Responder
Ver todas as 1 respostas
luvidaemar
 
5 sem
Feliz dia das mães para minha querida Andréa , uma mãe exemplar.
Responder
Ver todas as 1 respostas
audineya
 
5 sem
👏👏👏👏👏👏👏👏👏👏
Responder
Ver todas as 1 respostas
nerinhoteixeira2
 
5 sem
👏👏👏👏👏
Responder
Ver todas as 1 respostas
marianeuzasilvagomes
 
5 sem
👏👏👏
Responder
Ver todas as 1 respostas
Este reel tem 26 comentários no Facebook.
1,6 mil
271
Curtido por joaozinhomaceio e outras 1.595 pessoas
10 de maio
Mais posts de davimaialima
Meta
Sobre
Blog
Carreiras
Ajuda
API
Privacidade
Termos
Localizações
Popular
Instagram Lite
Meta AI
Threads
Upload de contatos e não usuários
Meta Verified
Português (Brasil)
Afrikaans
العربية
Čeština
Dansk
Deutsch
Ελληνικά
English
English (UK)
Español (España)
Español
فارسی
Suomi
Français
עברית
Bahasa Indonesia
Italiano
日本語
한국어
Bahasa Melayu
Norsk
Nederlands
Polski
Português (Brasil)
Português (Portugal)
Русский
Svenska
ภาษาไทย
Filipino
Türkçe
中文(简体)
中文(台灣)
বাংলা
ગુજરાતી
हिन्दी
Hrvatski
Magyar
ಕನ್ನಡ
മലയാളം
मराठी
नेपाली
ਪੰਜਾਬੀ
සිංහල
Slovenčina
தமிழ்
తెలుగు
اردو
Tiếng Việt
中文(香港)
Български
Français (Canada)
Română
Српски
Українська
© 2026 Instagram from Meta
Mensagens"
2026-05-08,https://www.instagram.com/davimaialima/reel/DYF_n-vhDTi/,"davimaialima
Áudio original
Seguindo
davimaialima
 
5 sem
Minha vida sempre foi movida por desafios. E hoje anuncio mais um: sou pré-candidato a deputado federal. Para fazer ainda mais por Alagoas, com trabalho, compromisso e dedicação. Já mostramos que é possível transformar realidades, e nossa missão é seguir avançando, construindo oportunidades e cuidando das pessoas. Vamos juntos! #DaviMaia #Alagoas
nadiellerufino
 
5 sem
Estamos juntos! Acreditamos no seu trabalho e compromisso com a população! 👏👏👏
2 curtidas
Responder
Ver todas as 1 respostas
suegoncalves
 
5 sem
#meufederal
2 curtidas
Responder
Ver todas as 1 respostas
carolmjanuario
 
5 sem
Esse merece 👏👏
2 curtidas
Responder
Ver todas as 1 respostas
nivaldojunior_ct
 
5 sem
Estamos Juntos 🚀🚀🚀
2 curtidas
Responder
Ver todas as 1 respostas
eronildo_paz
 
5 sem
Meu deputado topado
1 curtida
Responder
Ver todas as 1 respostas
eronildo_paz
 
5 sem
Meu federal
1 curtida
Responder
Ver todas as 1 respostas
joaolucaslq
 
5 sem
Meu Federal @davimaialima
1 curtida
Responder
Ver todas as 1 respostas
wilfisioesportiva
 
5 sem
Competente, responsável e íntegro, conte comigo meu amigo, estamos juntos!!!
2 curtidas
Responder
Ver todas as 1 respostas
leo_da_viracao
 
5 sem
Tamu Junto Meu Federal , vamos a Vitória 🏅🏅
1 curtida
Responder
Ver todas as 1 respostas
alisson.87
 
5 sem
👏👏👏👏👏
1 curtida
Responder
Ver todas as 1 respostas
leo_da_viracao
 
5 sem
Jundiá e a Região Norte Está Pra Votar em Vc Davi .... Vamos Pra Cima Meu Federal 😁🙏🏼
1 curtida
Responder
Ver todas as 1 respostas
frei_tais
 
5 sem
🙌👏👏👏🔥tmj
1 curtida
Responder
Ver todas as 1 respostas
pedroomena1
 
5 sem
Pra cima 🚀🚀
2 curtidas
Responder
Ver todas as 1 respostas
pedroomena1
 
5 sem
👏👏👏👏
1 curtida
Responder
Ver todas as 1 respostas
prnatanferreira
 
5 sem
Vamos simbora rumo a vitória meu nobre deputado federal @davimaialima 👏👏👏👏👏
2 curtidas
Responder
Ver todas as 1 respostas
Este reel tem 6 comentários no Facebook.
1,6 mil
805
Curtido por ricardinhosantaritta e outras 1.619 pessoas
8 de maio
Mais posts de davimaialima
Meta
Sobre
Blog
Carreiras
Ajuda
API
Privacidade
Termos
Localizações
Popular
Instagram Lite
Meta AI
Threads
Upload de contatos e não usuários
Meta Verified
Português (Brasil)
Afrikaans
العربية
Čeština
Dansk
Deutsch
Ελληνικά
English
English (UK)
Español (España)
Español
فارسی
Suomi
Français
עברית
Bahasa Indonesia
Italiano
日本語
한국어
Bahasa Melayu
Norsk
Nederlands
Polski
Português (Brasil)
Português (Portugal)
Русский
Svenska
ภาษาไทย
Filipino
Türkçe
中文(简体)
中文(台灣)
বাংলা
ગુજરાતી
हिन्दी
Hrvatski
Magyar
ಕನ್ನಡ
മലയാളം
मराठी
नेपाली
ਪੰਜਾਬੀ
සිංහල
Slovenčina
தமிழ்
తెలుగు
اردو
Tiếng Việt
中文(香港)
Български
Français (Canada)
Română
Српски
Українська
© 2026 Instagram from Meta
Mensagens"
2026-05-29,https://www.instagram.com/davimaialima/reel/DY7Y-0PJakm/,"davimaialima
 e outros 2
Áudio original
davimaialima
 
2 sem
A saúde de Quebrangulo está em crise. Salários reduzidos, pacientes sem transporte e um surto de dengue que preocupa toda a população. Diante dessa realidade, conseguimos garantir, junto ao senador RenanFilho, mais de R$ 1 milhão para a saúde do município. Os recursos já estão nas contas da Prefeitura. E vem mais por aí; em breve, mais R$ 600 mil serão destinados à saúde de Quebrangulo por meio do senador RenanCalheiros.

Agora, os recursos estão disponíveis e a prefeitura não tem mais desculpas. A população merece respeito e atendimento de qualidade. #Quebrangulo #Saúde
aquillescampos
 
2 sem
👏👏👏👏👏
Responder
Ver todas as 1 respostas
eduardocavalcantecavalcante
 
2 sem
Muito bem @davimaialima assim q se trabalha
Responder
Ver todas as 1 respostas
ewerton.correia.560
 
2 sem
👏👏👏👏 boa Davi , Deus te abençoe
2 curtidas
Responder
Ver todas as 1 respostas
marianagmaiia
 
2 sem
Precisamos de um Deputado Federal assim, resolutivo 👏👏👏
1 curtida
Responder
Ver todas as 3 respostas
lygiasz_
 
2 sem
👏👏👏👏👏👏
Responder
Ver todas as 1 respostas
vera_oficial222
 
2 sem
👏👏👏👏
Responder
Ver todas as 1 respostas
ingridferreira40
 
2 sem
Logo logo , estaremos de volta 🙌🏻🙌🏻
1 curtida
Responder
Ver todas as 1 respostas
wilfisioesportiva
 
2 sem
👏🏻👏🏻👏🏻👏🏻
1 curtida
Responder
Ver todas as 1 respostas
michely_mello01
 
2 sem
👏👏👏👏👏
1 curtida
Responder
Ver todas as 1 respostas
jussara_holanda
 
2 sem
👏👏👏👏
1 curtida
Responder
Ver todas as 1 respostas
washingtonmelo02
 
2 sem
👏👏👏👏👏👏
1 curtida
Responder
Ver todas as 1 respostas
art.hurtenorio
 
2 sem
👏👏👏👏
1 curtida
Responder
Ver todas as 1 respostas
marcia.silva.3785
 
2 sem
👏👏
Responder
Ver todas as 1 respostas
cleidjaneferreira__
 
2 sem
👏👏👏👏👏👏
1 curtida
Responder
Ver todas as 1 respostas
reutenorio
 
2 sem
👏👏👏👏👏
1 curtida
Responder
Ver todas as 1 respostas
Este reel tem 16 comentários no Facebook.
1,4 mil
414
Curtido por danielmotaferreira e outras 1.383 pessoas
29 de maio
Mais posts de davimaialima
Meta
Sobre
Blog
Carreiras
Ajuda
API
Privacidade
Termos
Localizações
Popular
Instagram Lite
Meta AI
Threads
Upload de contatos e não usuários
Meta Verified
Português (Brasil)
Afrikaans
العربية
Čeština
Dansk
Deutsch
Ελληνικά
English
English (UK)
Español (España)
Español
فارسی
Suomi
Français
עברית
Bahasa Indonesia
Italiano
日本語
한국어
Bahasa Melayu
Norsk
Nederlands
Polski
Português (Brasil)
Português (Portugal)
Русский
Svenska
ภาษาไทย
Filipino
Türkçe
中文(简体)
中文(台灣)
বাংলা
ગુજરાતી
हिन्दी
Hrvatski
Magyar
ಕನ್ನಡ
മലയാളം
मराठी
नेपाली
ਪੰਜਾਬੀ
සිංහල
Slovenčina
தமிழ்
తెలుగు
اردو
Tiếng Việt
中文(香港)
Български
Français (Canada)
Română
Српски
Українська
© 2026 Instagram from Meta
Mensagens"
2026-05-26,https://www.instagram.com/davimaialima/reel/DY0eZg8JWPG/,"davimaialima
Áudio original
Seguindo
davimaialima
 
3 sem
Encontrar soluções a partir do que temos é fundamental para o nosso avanço. É assim que trabalhamos: buscando soluções com o que temos de melhor em nossa terra. Fique ligado que está aberto o edital do Banco do Nordeste, através do IABS. Tem uma ideia?! Vem simbora. 🫶🏻🤩
#DaviMaiaAL #sururu #alagoas
ver.vandaflorentino
 
3 sem
👏👏👏👏👏
Responder
Ver todas as 1 respostas
suegoncalves
 
3 sem
A bandeira dele sempre foi #verde 👏👏👏👏 #sustentabilidade #meioambienteemfoco
2 curtidas
Responder
Ver todas as 1 respostas
ebertcostaa
 
3 sem
👏👏👏👏
Responder
Ver todas as 1 respostas
klarakauandavi
 
3 sem
👏👏👏
Responder
Ver todas as 1 respostas
nutri_amandaalmeidaa
 
3 sem
👏👏👏👏
Responder
Ver todas as 1 respostas
dayanesouza__7
 
3 sem
👏👏👏👏
Responder
Ver todas as 1 respostas
carlos.azevedo.7186896
 
3 sem
👏👏👏👏👏😢😢😢
Responder
Ver todas as 1 respostas
renata.amorim.malta_1
 
3 sem
👏👏👏👏
Responder
Ver todas as 1 respostas
eduardoduartee_07
 
3 sem
👏👏👏
Responder
Ver todas as 1 respostas
mauricioluizdadilva
 
3 sem
👏👏👏👏👏
Responder
Ver todas as 1 respostas
laramillena
 
3 sem
👏👏👏👏
Responder
Ver todas as 1 respostas
_ggemanuell
 
3 sem
👏👏👏👏👏
Responder
Ver todas as 1 respostas
gilvanildossaraiva
 
3 sem
👏👏
Responder
Ver todas as 1 respostas
eltiiinhow
 
3 sem
👏🏾👏🏾👏🏾👏🏾👏🏾
Responder
Ver todas as 1 respostas
ananias_agrotec
 
3 sem
👏👏👏
Responder
Ver todas as 1 respostas
615
222
Curtido por ricardinhosantaritta e outras 614 pessoas
26 de maio
Mais posts de davimaialima
Meta
Sobre
Blog
Carreiras
Ajuda
API
Privacidade
Termos
Localizações
Popular
Instagram Lite
Meta AI
Threads
Upload de contatos e não usuários
Meta Verified
Português (Brasil)
Afrikaans
العربية
Čeština
Dansk
Deutsch
Ελληνικά
English
English (UK)
Español (España)
Español
فارسی
Suomi
Français
עברית
Bahasa Indonesia
Italiano
日本語
한국어
Bahasa Melayu
Norsk
Nederlands
Polski
Português (Brasil)
Português (Portugal)
Русский
Svenska
ภาษาไทย
Filipino
Türkçe
中文(简体)
中文(台灣)
বাংলা
ગુજરાતી
हिन्दी
Hrvatski
Magyar
ಕನ್ನಡ
മലയാളം
मराठी
नेपाली
ਪੰਜਾਬੀ
සිංහල
Slovenčina
தமிழ்
తెలుగు
اردو
Tiếng Việt
中文(香港)
Български
Français (Canada)
Română
Српски
Українська
© 2026 Instagram from Meta
Mensagens"
2026-05-30,https://www.instagram.com/davimaialima/reel/DY-CFHAJF4z/,"davimaialima
Áudio original
Seguindo
davimaialima
 
2 sem
Tenho muito orgulho do trabalho que temos em Palmeira dos Índios. E tenho certeza que com Fonseca faremos ainda mais. Sou muito grato por essa parceria e esse carinho de sempre. Vamos juntos! 💚 #DaviMaiaAL
guilhermer.lopes
 
2 sem
👏👏👏👏
Responder
Ver todas as 1 respostas
suegoncalves
 
2 sem
Palmeira dos Índios fechada com DAVI MAIA!!! 👏👏👏👏👏👏
Responder
Ver todas as 1 respostas
rayannetenorio
 
2 sem
Palmeira já abraçou você ❤️😍
2 curtidas
Responder
Ver todas as 1 respostas
nildaxucurus
 
2 sem
👏👏👏👏👏👏👏🙌🙌🙌🙌🙌
Responder
Ver todas as 1 respostas
antonellatn._
 
2 sem
👏👏
Responder
Ver todas as 1 respostas
antonellatn._
 
2 sem
🚀 🔥👏
Responder
Ver todas as 1 respostas
david_lima__
 
2 sem
👏👏👏👏👏
Responder
Ver todas as 1 respostas
vilmariowanderley
 
2 sem
👏👏
Responder
Ver todas as 1 respostas
drhamilton_cjr
 
2 sem
👏👏👏👏
Responder
Ver todas as 1 respostas
laragabryellee__
 
2 sem
vamos juntos 👏👏👏
Responder
Ver todas as 1 respostas
pereiralucildo
 
2 sem
👏👏👏 pra cima meu deputado Davi Maia quebrangulo só tem aganha você nusrepresentando em Brasília já falei é repito você e orgulho de quebrangulo que Deus e nosso Senhora te abençoe e ilumine é proteja nesta caminhada
Responder
Ver todas as 1 respostas
jododai
 
2 sem
É um orgulho ver pessoas disposta a trabalhar com quem tem compromisso com o povo. Parabéns Palmeira dos Índios estamos juntos meu Deputado Federal Davi Maia. Deus abençoe sempre.......Um abraço.
Responder
Ver todas as 1 respostas
valmenia_santos
 
2 sem
Vamos juntos com @davimaialima 🤝🚀✅
Responder
Ver todas as 1 respostas
ceciliavillela3
 
2 sem
👏👏👏👏🙌😍😍 🚀 gigante, sabe trabalhar 👏👏👏👏
Responder
Ver todas as 1 respostas
rafael.coutinho87
 
2 sem
👏👏👏
Responder
Ver todas as 1 respostas
Este reel tem 3 comentários no Facebook.
646
236
Curtido por ricardinhosantaritta e outras 645 pessoas
30 de maio
Mais posts de davimaialima
Meta
Sobre
Blog
Carreiras
Ajuda
API
Privacidade
Termos
Localizações
Popular
Instagram Lite
Meta AI
Threads
Upload de contatos e não usuários
Meta Verified
Português (Brasil)
Afrikaans
العربية
Čeština
Dansk
Deutsch
Ελληνικά
English
English (UK)
Español (España)
Español
فارسی
Suomi
Français
עברית
Bahasa Indonesia
Italiano
日本語
한국어
Bahasa Melayu
Norsk
Nederlands
Polski
Português (Brasil)
Português (Portugal)
Русский
Svenska
ภาษาไทย
Filipino
Türkçe
中文(简体)
中文(台灣)
বাংলা
ગુજરાતી
हिन्दी
Hrvatski
Magyar
ಕನ್ನಡ
മലയാളം
मराठी
नेपाली
ਪੰਜਾਬੀ
සිංහල
Slovenčina
தமிழ்
తెలుగు
اردو
Tiếng Việt
中文(香港)
Български
Français (Canada)
Română
Српски
Українська
© 2026 Instagram from Meta
Mensagens"
2026-05-01,https://www.instagram.com/davimaialima/reel/DXzOOb8J6PT/,"davimaialima
Áudio original
Seguindo
davimaialima
 
6 sem
Hoje celebramos quem faz tudo acontecer. O trabalhador que constrói, cuida, transforma e nunca desiste. Parabéns, trabalhador alagoano! #DiaDoTrabalhador #1DeMaio #DaviMaiaAL
ricardinhosantaritta
 
6 sem
Massa 👏👏🙌🙌
Responder
Ver todas as 1 respostas
suegoncalves
 
6 sem
Parabéns a todos!!
Responder
Ver todas as 1 respostas
patriciabredade
 
6 sem
Parabéns para todos os trabalhadores 👏👏
Responder
Ver todas as 1 respostas
alvaro_paz__
 
6 sem
👏🏽👏🏽👏🏽👏🏽👏🏽
Responder
Ver todas as 1 respostas
eujznrl
 
6 sem
👏👏👏
Responder
Ver todas as 1 respostas
lucas.colaco
 
6 sem
👏👏👏👏
Responder
Ver todas as 1 respostas
rayannetenorio
 
6 sem
👏👏👏👏👏👏
Responder
Ver todas as 1 respostas
poliana_0s
 
6 sem
Parabéns aos guerreiros e guerreiras, que sai da sua casa todos os dias pra conseguir ganhar o pão de cada dia. ❤️🙌
1 curtida
Responder
Ver todas as 1 respostas
maryh.ferreiraa
 
6 sem
👏👏👏 parabéns
1 curtida
Responder
Ver todas as 1 respostas
lucilobrandao
 
6 sem
👏👏👏
Responder
Ver todas as 1 respostas
mirabel.mftreinamentos
 
6 sem
Parabéns a nós Trabalhadores
Responder
Ver todas as 1 respostas
auriane_cavalcanti
 
6 sem
👏👏👏👏👏
Responder
Ver todas as 1 respostas
kleytonviniciusjj
 
6 sem
👏👏👏👏👏
Responder
Ver todas as 1 respostas
daay__sillva
 
6 sem
Parabéns para todos os trabalhadores linda homenagem👏👏
Responder
Ver todas as 1 respostas
fabioteixeiraso
 
6 sem
Que Deus abençoe esses guerreiros 👏👏👏👏
Responder
Ver todas as 1 respostas
241
108
Curtido por ricardinhosantaritta e outras 240 pessoas
1 de maio
Mais posts de davimaialima
Meta
Sobre
Blog
Carreiras
Ajuda
API
Privacidade
Termos
Localizações
Popular
Instagram Lite
Meta AI
Threads
Upload de contatos e não usuários
Meta Verified
Português (Brasil)
Afrikaans
العربية
Čeština
Dansk
Deutsch
Ελληνικά
English
English (UK)
Español (España)
Español
فارسی
Suomi
Français
עברית
Bahasa Indonesia
Italiano
日本語
한국어
Bahasa Melayu
Norsk
Nederlands
Polski
Português (Brasil)
Português (Portugal)
Русский
Svenska
ภาษาไทย
Filipino
Türkçe
中文(简体)
中文(台灣)
বাংলা
ગુજરાતી
हिन्दी
Hrvatski
Magyar
ಕನ್ನಡ
മലയാളം
मराठी
नेपाली
ਪੰਜਾਬੀ
සිංහල
Slovenčina
தமிழ்
తెలుగు
اردو
Tiếng Việt
中文(香港)
Български
Français (Canada)
Română
Српски
Українська
© 2026 Instagram from Meta
Mensagens"
