municipio,vereadores,total_de_votos,eleitorado_2024,contribuicao_davi_10pct,contribuicao_davi_15pct,contribuicao_davi_20pct,score_politico_medio,percentual_meta_davi_10pct,percentual_meta_davi_15pct,percentual_meta_davi_20pct,principal_lideranca,principal_lideranca_nome_urna,principal_lideranca_partido,principal_lideranca_votos,principal_lideranca_contribuicao_10pct,principal_lideranca_contribuicao_15pct,principal_lideranca_contribuicao_20pct,principal_lideranca_percentual_meta_20pct,principal_lideranca_grupo_politico,principal_lideranca_tooltip,ranking_municipal_contribuicao,potencial_corrigido,potencial_label,tooltip_potencial_corrigido
MACEIÓ,306,241387,632812,24122,36201,48281,41.13,40.2033,60.335,80.4683,LUCIANO MARINHO DA SILVA,LUCIANO MARINHO,PL,8545,854,1282,1709,2.8483,SEM GRUPO,LUCIANO MARINHO DA SILVA. em MACEIÓ. recebeu 8.545 votos em 2024. Pela metodologia corrigida. a contribuição potencial para Davi é calculada como conversão de parte desses próprios eleitores: 854 votos no cenário conservador de 10%. 1.282 no cenário intermediário de 15% e 1.709 no teto operacional de 20%. No cenário máximo. isso representa 2.85% da meta de 60.000 votos.,1,48281,Teto 20%,Potencial municipal corrigido: soma do teto operacional de 20% dos votos nominais dos vereadores mapeados no município. Não representa previsão de votos nem apoio confirmado.
ARAPIRACA,250,76514,155982,7645,11477,15306,38.1,12.7417,19.1283,25.51,ROGERIO PEREIRA MELO,ROGERIO NEZINHO,MDB,4543,454,681,909,1.515,SEM GRUPO,ROGERIO PEREIRA MELO. em ARAPIRACA. recebeu 4.543 votos em 2024. Pela metodologia corrigida. a contribuição potencial para Davi é calculada como conversão de parte desses próprios eleitores: 454 votos no cenário conservador de 10%. 681 no cenário intermediário de 15% e 909 no teto operacional de 20%. No cenário máximo. isso representa 1.51% da meta de 60.000 votos.,2,15306,Teto 20%,Potencial municipal corrigido: soma do teto operacional de 20% dos votos nominais dos vereadores mapeados no município. Não representa previsão de votos nem apoio confirmado.
RIO LARGO,64,29810,67172,2978,4472,5966,41.14,4.9633,7.4533,9.9433,MÁRCIO SOARES CAVALCANTE,BALA SOARES,PP,2625,262,394,525,0.875,SEM GRUPO,MÁRCIO SOARES CAVALCANTE. em RIO LARGO. recebeu 2.625 votos em 2024. Pela metodologia corrigida. a contribuição potencial para Davi é calculada como conversão de parte desses próprios eleitores: 262 votos no cenário conservador de 10%. 394 no cenário intermediário de 15% e 525 no teto operacional de 20%. No cenário máximo. isso representa 0.88% da meta de 60.000 votos.,3,5966,Teto 20%,Potencial municipal corrigido: soma do teto operacional de 20% dos votos nominais dos vereadores mapeados no município. Não representa previsão de votos nem apoio confirmado.
PALMEIRA DOS ÍNDIOS,42,22687,54858,2269,3406,4535,37.81,3.7817,5.6767,7.5583,PEDRO RODRIGUES GAIA BISNETO,PEDRINHO GAIA,MDB,2237,224,336,447,0.745,SEM GRUPO,PEDRO RODRIGUES GAIA BISNETO. em PALMEIRA DOS ÍNDIOS. recebeu 2.237 votos em 2024. Pela metodologia corrigida. a contribuição potencial para Davi é calculada como conversão de parte desses próprios eleitores: 224 votos no cenário conservador de 10%. 336 no cenário intermediário de 15% e 447 no teto operacional de 20%. No cenário máximo. isso representa 0.74% da meta de 60.000 votos.,4,4535,Teto 20%,Potencial municipal corrigido: soma do teto operacional de 20% dos votos nominais dos vereadores mapeados no município. Não representa previsão de votos nem apoio confirmado.
UNIÃO DOS PALMARES,61,22246,48920,2220,3340,4452,35.11,3.7,5.5667,7.42,EDMILTON RODRIGUES DA SILVA,MILTON DO COMPLEMENTAR,MDB,1892,189,284,378,0.63,SEM GRUPO,EDMILTON RODRIGUES DA SILVA. em UNIÃO DOS PALMARES. recebeu 1.892 votos em 2024. Pela metodologia corrigida. a contribuição potencial para Davi é calculada como conversão de parte desses próprios eleitores: 189 votos no cenário conservador de 10%. 284 no cenário intermediário de 15% e 378 no teto operacional de 20%. No cenário máximo. isso representa 0.63% da meta de 60.000 votos.,5,4452,Teto 20%,Potencial municipal corrigido: soma do teto operacional de 20% dos votos nominais dos vereadores mapeados no município. Não representa previsão de votos nem apoio confirmado.
CORURIPE,39,19916,42038,1991,2986,3984,43.72,3.3183,4.9767,6.64,DALMO PORTO SOUZA,DALMO PORTO,PSB,2179,218,327,436,0.7267,SEM GRUPO,DALMO PORTO SOUZA. em CORURIPE. recebeu 2.179 votos em 2024. Pela metodologia corrigida. a contribuição potencial para Davi é calculada como conversão de parte desses próprios eleitores: 218 votos no cenário conservador de 10%. 327 no cenário intermediário de 15% e 436 no teto operacional de 20%. No cenário máximo. isso representa 0.73% da meta de 60.000 votos.,6,3984,Teto 20%,Potencial municipal corrigido: soma do teto operacional de 20% dos votos nominais dos vereadores mapeados no município. Não representa previsão de votos nem apoio confirmado.
MARECHAL DEODORO,41,19671,46217,1968,2951,3933,43.54,3.28,4.9183,6.555,THIAGO HENRIQUE GONDIN TORRES,THIAGO GONDIN,PDT,2023,202,303,405,0.675,SEM GRUPO,THIAGO HENRIQUE GONDIN TORRES. em MARECHAL DEODORO. recebeu 2.023 votos em 2024. Pela metodologia corrigida. a contribuição potencial para Davi é calculada como conversão de parte desses próprios eleitores: 202 votos no cenário conservador de 10%. 303 no cenário intermediário de 15% e 405 no teto operacional de 20%. No cenário máximo. isso representa 0.68% da meta de 60.000 votos.,7,3933,Teto 20%,Potencial municipal corrigido: soma do teto operacional de 20% dos votos nominais dos vereadores mapeados no município. Não representa previsão de votos nem apoio confirmado.
SÃO MIGUEL DOS CAMPOS,31,19607,43990,1960,2942,3924,46.35,3.2667,4.9033,6.54,DINEY SOARES TORRES NETO,DINEY TORRES,MDB,2081,208,312,416,0.6933,SEM GRUPO,DINEY SOARES TORRES NETO. em SÃO MIGUEL DOS CAMPOS. recebeu 2.081 votos em 2024. Pela metodologia corrigida. a contribuição potencial para Davi é calculada como conversão de parte desses próprios eleitores: 208 votos no cenário conservador de 10%. 312 no cenário intermediário de 15% e 416 no teto operacional de 20%. No cenário máximo. isso representa 0.69% da meta de 60.000 votos.,8,3924,Teto 20%,Potencial municipal corrigido: soma do teto operacional de 20% dos votos nominais dos vereadores mapeados no município. Não representa previsão de votos nem apoio confirmado.
ATALAIA,38,18928,32883,1890,2840,3786,37.63,3.15,4.7333,6.31,RUMMENIGGE RODRIGUES DE ALMEIDA,RUDINHO,MDB,2331,233,350,466,0.7767,SEM GRUPO,RUMMENIGGE RODRIGUES DE ALMEIDA. em ATALAIA. recebeu 2.331 votos em 2024. Pela metodologia corrigida. a contribuição potencial para Davi é calculada como conversão de parte desses próprios eleitores: 233 votos no cenário conservador de 10%. 350 no cenário intermediário de 15% e 466 no teto operacional de 20%. No cenário máximo. isso representa 0.78% da meta de 60.000 votos.,9,3786,Teto 20%,Potencial municipal corrigido: soma do teto operacional de 20% dos votos nominais dos vereadores mapeados no município. Não representa previsão de votos nem apoio confirmado.
DELMIRO GOUVEIA,20,17619,41113,1761,2644,3524,51.8,2.935,4.4067,5.8733,EDNA GOMES BERNARDO,EDNA DO TATUAKARA,MDB,2410,241,362,482,0.8033,SEM GRUPO,EDNA GOMES BERNARDO. em DELMIRO GOUVEIA. recebeu 2.410 votos em 2024. Pela metodologia corrigida. a contribuição potencial para Davi é calculada como conversão de parte desses próprios eleitores: 241 votos no cenário conservador de 10%. 362 no cenário intermediário de 15% e 482 no teto operacional de 20%. No cenário máximo. isso representa 0.80% da meta de 60.000 votos.,10,3524,Teto 20%,Potencial municipal corrigido: soma do teto operacional de 20% dos votos nominais dos vereadores mapeados no município. Não representa previsão de votos nem apoio confirmado.
PENEDO,30,15743,44517,1577,2360,3149,45.3,2.6283,3.9333,5.2483,IVO CARLOS MOURA COSTA,IVO COSTA,PV,1375,138,206,275,0.4583,SEM GRUPO,IVO CARLOS MOURA COSTA. em PENEDO. recebeu 1.375 votos em 2024. Pela metodologia corrigida. a contribuição potencial para Davi é calculada como conversão de parte desses próprios eleitores: 138 votos no cenário conservador de 10%. 206 no cenário intermediário de 15% e 275 no teto operacional de 20%. No cenário máximo. isso representa 0.46% da meta de 60.000 votos.,11,3149,Teto 20%,Potencial municipal corrigido: soma do teto operacional de 20% dos votos nominais dos vereadores mapeados no município. Não representa previsão de votos nem apoio confirmado.
SANTANA DO IPANEMA,44,15135,33506,1512,2271,3028,35.52,2.52,3.785,5.0467,MIGUEL ANTONIO OLIVEIRA SILVA,MIGUEL OLIVEIRA,MDB,1568,157,235,314,0.5233,SEM GRUPO,MIGUEL ANTONIO OLIVEIRA SILVA. em SANTANA DO IPANEMA. recebeu 1.568 votos em 2024. Pela metodologia corrigida. a contribuição potencial para Davi é calculada como conversão de parte desses próprios eleitores: 157 votos no cenário conservador de 10%. 235 no cenário intermediário de 15% e 314 no teto operacional de 20%. No cenário máximo. isso representa 0.52% da meta de 60.000 votos.,12,3028,Teto 20%,Potencial municipal corrigido: soma do teto operacional de 20% dos votos nominais dos vereadores mapeados no município. Não representa previsão de votos nem apoio confirmado.
PILAR,27,15007,29137,1499,2251,3001,40.15,2.4983,3.7517,5.0017,CLAUDIO ALEX CAVALCANTE SILVA,ALEX CAVALCANTE,MDB,2602,260,390,520,0.8667,SEM GRUPO,CLAUDIO ALEX CAVALCANTE SILVA. em PILAR. recebeu 2.602 votos em 2024. Pela metodologia corrigida. a contribuição potencial para Davi é calculada como conversão de parte desses próprios eleitores: 260 votos no cenário conservador de 10%. 390 no cenário intermediário de 15% e 520 no teto operacional de 20%. No cenário máximo. isso representa 0.87% da meta de 60.000 votos.,13,3001,Teto 20%,Potencial municipal corrigido: soma do teto operacional de 20% dos votos nominais dos vereadores mapeados no município. Não representa previsão de votos nem apoio confirmado.
CRAÍBAS,25,14815,22009,1482,2224,2962,35.92,2.47,3.7067,4.9367,ANTONIO CARLOS BARBOSA GAMA,CARLINHOS FOLHA,PP,1355,136,203,271,0.4517,SEM GRUPO,ANTONIO CARLOS BARBOSA GAMA. em CRAÍBAS. recebeu 1.355 votos em 2024. Pela metodologia corrigida. a contribuição potencial para Davi é calculada como conversão de parte desses próprios eleitores: 136 votos no cenário conservador de 10%. 203 no cenário intermediário de 15% e 271 no teto operacional de 20%. No cenário máximo. isso representa 0.45% da meta de 60.000 votos.,14,2962,Teto 20%,Potencial municipal corrigido: soma do teto operacional de 20% dos votos nominais dos vereadores mapeados no município. Não representa previsão de votos nem apoio confirmado.
GIRAU DO PONCIANO,11,13903,28487,1390,2086,2781,54.18,2.3167,3.4767,4.635,FLAVIANA CINTIA DA SILVA BARROS,FLAVINHA BARROS,PP,2358,236,354,472,0.7867,SEM GRUPO,FLAVIANA CINTIA DA SILVA BARROS. em GIRAU DO PONCIANO. recebeu 2.358 votos em 2024. Pela metodologia corrigida. a contribuição potencial para Davi é calculada como conversão de parte desses próprios eleitores: 236 votos no cenário conservador de 10%. 354 no cenário intermediário de 15% e 472 no teto operacional de 20%. No cenário máximo. isso representa 0.79% da meta de 60.000 votos.,15,2781,Teto 20%,Potencial municipal corrigido: soma do teto operacional de 20% dos votos nominais dos vereadores mapeados no município. Não representa previsão de votos nem apoio confirmado.
SÃO SEBASTIÃO,23,13164,27531,1315,1975,2632,41.0,2.1917,3.2917,4.3867,ANA MARIA REGUEIRA PACHECO,ANA PACHECO,PP,1532,153,230,306,0.51,SEM GRUPO,ANA MARIA REGUEIRA PACHECO. em SÃO SEBASTIÃO. recebeu 1.532 votos em 2024. Pela metodologia corrigida. a contribuição potencial para Davi é calculada como conversão de parte desses próprios eleitores: 153 votos no cenário conservador de 10%. 230 no cenário intermediário de 15% e 306 no teto operacional de 20%. No cenário máximo. isso representa 0.51% da meta de 60.000 votos.,16,2632,Teto 20%,Potencial municipal corrigido: soma do teto operacional de 20% dos votos nominais dos vereadores mapeados no município. Não representa previsão de votos nem apoio confirmado.
PORTO CALVO,24,12606,22018,1261,1890,2521,35.21,2.1017,3.15,4.2017,MARCIO ANDRADE E SILVA,MARCIO DO ANDRADE,MDB,1390,139,208,278,0.4633,SEM GRUPO,MARCIO ANDRADE E SILVA. em PORTO CALVO. recebeu 1.390 votos em 2024. Pela metodologia corrigida. a contribuição potencial para Davi é calculada como conversão de parte desses próprios eleitores: 139 votos no cenário conservador de 10%. 208 no cenário intermediário de 15% e 278 no teto operacional de 20%. No cenário máximo. isso representa 0.46% da meta de 60.000 votos.,17,2521,Teto 20%,Potencial municipal corrigido: soma do teto operacional de 20% dos votos nominais dos vereadores mapeados no município. Não representa previsão de votos nem apoio confirmado.
FEIRA GRANDE,23,11985,19433,1199,1797,2397,35.91,1.9983,2.995,3.995,TELMO PEREIRA DE LIRA,QUEL,PSB,1870,187,280,374,0.6233,SEM GRUPO,TELMO PEREIRA DE LIRA. em FEIRA GRANDE. recebeu 1.870 votos em 2024. Pela metodologia corrigida. a contribuição potencial para Davi é calculada como conversão de parte desses próprios eleitores: 187 votos no cenário conservador de 10%. 280 no cenário intermediário de 15% e 374 no teto operacional de 20%. No cenário máximo. isso representa 0.62% da meta de 60.000 votos.,18,2397,Teto 20%,Potencial municipal corrigido: soma do teto operacional de 20% dos votos nominais dos vereadores mapeados no município. Não representa previsão de votos nem apoio confirmado.
TEOTÔNIO VILELA,32,11911,31976,1192,1789,2382,37.0,1.9867,2.9817,3.97,SERGIO CELESTINO DA PAIXÃO,SERGIO CELESTINO,PP,1177,118,177,235,0.3917,SEM GRUPO,SERGIO CELESTINO DA PAIXÃO. em TEOTÔNIO VILELA. recebeu 1.177 votos em 2024. Pela metodologia corrigida. a contribuição potencial para Davi é calculada como conversão de parte desses próprios eleitores: 118 votos no cenário conservador de 10%. 177 no cenário intermediário de 15% e 235 no teto operacional de 20%. No cenário máximo. isso representa 0.39% da meta de 60.000 votos.,19,2382,Teto 20%,Potencial municipal corrigido: soma do teto operacional de 20% dos votos nominais dos vereadores mapeados no município. Não representa previsão de votos nem apoio confirmado.
MARAGOGI,31,11613,25140,1161,1742,2323,37.81,1.935,2.9033,3.8717,JOZEMIR CAVALCANTI DA SILVA JUNIOR,JUNIOR DO JOZEMIR,PODE,1323,132,198,265,0.4417,SEM GRUPO,JOZEMIR CAVALCANTI DA SILVA JUNIOR. em MARAGOGI. recebeu 1.323 votos em 2024. Pela metodologia corrigida. a contribuição potencial para Davi é calculada como conversão de parte desses próprios eleitores: 132 votos no cenário conservador de 10%. 198 no cenário intermediário de 15% e 265 no teto operacional de 20%. No cenário máximo. isso representa 0.44% da meta de 60.000 votos.,20,2323,Teto 20%,Potencial municipal corrigido: soma do teto operacional de 20% dos votos nominais dos vereadores mapeados no município. Não representa previsão de votos nem apoio confirmado.
SÃO LUÍS DO QUITUNDE,23,11282,24159,1126,1692,2257,40.96,1.8767,2.82,3.7617,EDVANDRO GAMA PEREIRA,CABEÇA,MDB,1062,106,159,212,0.3533,SEM GRUPO,EDVANDRO GAMA PEREIRA. em SÃO LUÍS DO QUITUNDE. recebeu 1.062 votos em 2024. Pela metodologia corrigida. a contribuição potencial para Davi é calculada como conversão de parte desses próprios eleitores: 106 votos no cenário conservador de 10%. 159 no cenário intermediário de 15% e 212 no teto operacional de 20%. No cenário máximo. isso representa 0.35% da meta de 60.000 votos.,21,2257,Teto 20%,Potencial municipal corrigido: soma do teto operacional de 20% dos votos nominais dos vereadores mapeados no município. Não representa previsão de votos nem apoio confirmado.
MURICI,22,11107,20853,1110,1668,2221,35.91,1.85,2.78,3.7017,JOSÉ ANDERSON DE ALMEIDA MORAIS,MORAIS,MDB,1373,137,206,275,0.4583,SEM GRUPO,JOSÉ ANDERSON DE ALMEIDA MORAIS. em MURICI. recebeu 1.373 votos em 2024. Pela metodologia corrigida. a contribuição potencial para Davi é calculada como conversão de parte desses próprios eleitores: 137 votos no cenário conservador de 10%. 206 no cenário intermediário de 15% e 275 no teto operacional de 20%. No cenário máximo. isso representa 0.46% da meta de 60.000 votos.,22,2221,Teto 20%,Potencial municipal corrigido: soma do teto operacional de 20% dos votos nominais dos vereadores mapeados no município. Não representa previsão de votos nem apoio confirmado.
VIÇOSA,26,10904,21118,1089,1637,2181,34.42,1.815,2.7283,3.635,DAVYD SILVEIRA SANTOS,DAVI DO TÊDA,REPUBLICANOS,1668,167,250,334,0.5567,SEM GRUPO,DAVYD SILVEIRA SANTOS. em VIÇOSA. recebeu 1.668 votos em 2024. Pela metodologia corrigida. a contribuição potencial para Davi é calculada como conversão de parte desses próprios eleitores: 167 votos no cenário conservador de 10%. 250 no cenário intermediário de 15% e 334 no teto operacional de 20%. No cenário máximo. isso representa 0.56% da meta de 60.000 votos.,23,2181,Teto 20%,Potencial municipal corrigido: soma do teto operacional de 20% dos votos nominais dos vereadores mapeados no município. Não representa previsão de votos nem apoio confirmado.
LIMOEIRO DE ANADIA,24,10689,20574,1067,1607,2137,34.42,1.7783,2.6783,3.5617,ANTONIO ALVES DA SILVA,TOINHO,PP,1436,144,215,287,0.4783,SEM GRUPO,ANTONIO ALVES DA SILVA. em LIMOEIRO DE ANADIA. recebeu 1.436 votos em 2024. Pela metodologia corrigida. a contribuição potencial para Davi é calculada como conversão de parte desses próprios eleitores: 144 votos no cenário conservador de 10%. 215 no cenário intermediário de 15% e 287 no teto operacional de 20%. No cenário máximo. isso representa 0.48% da meta de 60.000 votos.,24,2137,Teto 20%,Potencial municipal corrigido: soma do teto operacional de 20% dos votos nominais dos vereadores mapeados no município. Não representa previsão de votos nem apoio confirmado.
TRAIPU,11,10412,19430,1041,1562,2082,48.91,1.735,2.6033,3.47,ALOÍZIO VIEIRA DE MELO JUNIOR,JUNIOR DA CAPIVARA,PSB,1549,155,232,310,0.5167,SEM GRUPO,ALOÍZIO VIEIRA DE MELO JUNIOR. em TRAIPU. recebeu 1.549 votos em 2024. Pela metodologia corrigida. a contribuição potencial para Davi é calculada como conversão de parte desses próprios eleitores: 155 votos no cenário conservador de 10%. 232 no cenário intermediário de 15% e 310 no teto operacional de 20%. No cenário máximo. isso representa 0.52% da meta de 60.000 votos.,25,2082,Teto 20%,Potencial municipal corrigido: soma do teto operacional de 20% dos votos nominais dos vereadores mapeados no município. Não representa previsão de votos nem apoio confirmado.
SÃO JOSÉ DA TAPERA,25,9995,23599,1000,1499,1999,34.36,1.6667,2.4983,3.3317,EVANDRO SANTOS PEREIRA,EVANDRO GORDINHO DO POVO,MDB,944,94,142,189,0.315,SEM GRUPO,EVANDRO SANTOS PEREIRA. em SÃO JOSÉ DA TAPERA. recebeu 944 votos em 2024. Pela metodologia corrigida. a contribuição potencial para Davi é calculada como conversão de parte desses próprios eleitores: 94 votos no cenário conservador de 10%. 142 no cenário intermediário de 15% e 189 no teto operacional de 20%. No cenário máximo. isso representa 0.32% da meta de 60.000 votos.,26,1999,Teto 20%,Potencial municipal corrigido: soma do teto operacional de 20% dos votos nominais dos vereadores mapeados no município. Não representa previsão de votos nem apoio confirmado.
BOCA DA MATA,11,9908,20100,990,1487,1982,47.0,1.65,2.4783,3.3033,ADRIANO DOS SANTOS MONTEIRO,IRMÃO ADRIANO,PP,1471,147,221,294,0.49,SEM GRUPO,ADRIANO DOS SANTOS MONTEIRO. em BOCA DA MATA. recebeu 1.471 votos em 2024. Pela metodologia corrigida. a contribuição potencial para Davi é calculada como conversão de parte desses próprios eleitores: 147 votos no cenário conservador de 10%. 221 no cenário intermediário de 15% e 294 no teto operacional de 20%. No cenário máximo. isso representa 0.49% da meta de 60.000 votos.,27,1982,Teto 20%,Potencial municipal corrigido: soma do teto operacional de 20% dos votos nominais dos vereadores mapeados no município. Não representa previsão de votos nem apoio confirmado.
IGREJA NOVA,25,9791,18088,977,1470,1957,34.36,1.6283,2.45,3.2617,CIDÁRIO DOS SANTOS,CIDÁRIO,MDB,942,94,141,188,0.3133,SEM GRUPO,CIDÁRIO DOS SANTOS. em IGREJA NOVA. recebeu 942 votos em 2024. Pela metodologia corrigida. a contribuição potencial para Davi é calculada como conversão de parte desses próprios eleitores: 94 votos no cenário conservador de 10%. 141 no cenário intermediário de 15% e 188 no teto operacional de 20%. No cenário máximo. isso representa 0.31% da meta de 60.000 votos.,28,1957,Teto 20%,Potencial municipal corrigido: soma do teto operacional de 20% dos votos nominais dos vereadores mapeados no município. Não representa previsão de votos nem apoio confirmado.
PIRANHAS,25,9725,20339,972,1458,1946,34.16,1.62,2.43,3.2433,LAURA GONZAGA RODRIGUES,LAURA DE ZÉ VICENTE,MDB,912,91,137,182,0.3033,SEM GRUPO,LAURA GONZAGA RODRIGUES. em PIRANHAS. recebeu 912 votos em 2024. Pela metodologia corrigida. a contribuição potencial para Davi é calculada como conversão de parte desses próprios eleitores: 91 votos no cenário conservador de 10%. 137 no cenário intermediário de 15% e 182 no teto operacional de 20%. No cenário máximo. isso representa 0.30% da meta de 60.000 votos.,29,1946,Teto 20%,Potencial municipal corrigido: soma do teto operacional de 20% dos votos nominais dos vereadores mapeados no município. Não representa previsão de votos nem apoio confirmado.
MATA GRANDE,11,9620,19084,963,1444,1923,47.45,1.605,2.4067,3.205,RODRIGO LIMA DE FARIAS,COCADA MANDU,MDB,1346,135,202,269,0.4483,SEM GRUPO,RODRIGO LIMA DE FARIAS. em MATA GRANDE. recebeu 1.346 votos em 2024. Pela metodologia corrigida. a contribuição potencial para Davi é calculada como conversão de parte desses próprios eleitores: 135 votos no cenário conservador de 10%. 202 no cenário intermediário de 15% e 269 no teto operacional de 20%. No cenário máximo. isso representa 0.45% da meta de 60.000 votos.,30,1923,Teto 20%,Potencial municipal corrigido: soma do teto operacional de 20% dos votos nominais dos vereadores mapeados no município. Não representa previsão de votos nem apoio confirmado.
MATRIZ DE CAMARAGIBE,33,9494,19218,947,1425,1897,31.61,1.5783,2.375,3.1617,MANUEL ALMEIDA PINTO,LEUNAM,MDB,1147,115,172,229,0.3817,SEM GRUPO,MANUEL ALMEIDA PINTO. em MATRIZ DE CAMARAGIBE. recebeu 1.147 votos em 2024. Pela metodologia corrigida. a contribuição potencial para Davi é calculada como conversão de parte desses próprios eleitores: 115 votos no cenário conservador de 10%. 172 no cenário intermediário de 15% e 229 no teto operacional de 20%. No cenário máximo. isso representa 0.38% da meta de 60.000 votos.,31,1897,Teto 20%,Potencial municipal corrigido: soma do teto operacional de 20% dos votos nominais dos vereadores mapeados no município. Não representa previsão de votos nem apoio confirmado.
CAMPO ALEGRE,13,9403,27202,941,1411,1880,48.77,1.5683,2.3517,3.1333,JEANE SANTOS DO NASCIMENTO,JEANE NASCIMENTO,PP,900,90,135,180,0.3,SEM GRUPO,JEANE SANTOS DO NASCIMENTO. em CAMPO ALEGRE. recebeu 900 votos em 2024. Pela metodologia corrigida. a contribuição potencial para Davi é calculada como conversão de parte desses próprios eleitores: 90 votos no cenário conservador de 10%. 135 no cenário intermediário de 15% e 180 no teto operacional de 20%. No cenário máximo. isso representa 0.30% da meta de 60.000 votos.,32,1880,Teto 20%,Potencial municipal corrigido: soma do teto operacional de 20% dos votos nominais dos vereadores mapeados no município. Não representa previsão de votos nem apoio confirmado.
IGACI,11,9387,21092,940,1407,1877,47.73,1.5667,2.345,3.1283,VALDERY FERREIRA DA SILVA,DERY FERREIRA,MDB,1275,128,191,255,0.425,SEM GRUPO,VALDERY FERREIRA DA SILVA. em IGACI. recebeu 1.275 votos em 2024. Pela metodologia corrigida. a contribuição potencial para Davi é calculada como conversão de parte desses próprios eleitores: 128 votos no cenário conservador de 10%. 191 no cenário intermediário de 15% e 255 no teto operacional de 20%. No cenário máximo. isso representa 0.42% da meta de 60.000 votos.,33,1877,Teto 20%,Potencial municipal corrigido: soma do teto operacional de 20% dos votos nominais dos vereadores mapeados no município. Não representa previsão de votos nem apoio confirmado.
JUNQUEIRO,20,9171,20569,916,1375,1834,35.4,1.5267,2.2917,3.0567,HELIO DA SILVA FILHO,HELINHO SILVA,MDB,1542,154,231,308,0.5133,SEM GRUPO,HELIO DA SILVA FILHO. em JUNQUEIRO. recebeu 1.542 votos em 2024. Pela metodologia corrigida. a contribuição potencial para Davi é calculada como conversão de parte desses próprios eleitores: 154 votos no cenário conservador de 10%. 231 no cenário intermediário de 15% e 308 no teto operacional de 20%. No cenário máximo. isso representa 0.51% da meta de 60.000 votos.,34,1834,Teto 20%,Potencial municipal corrigido: soma do teto operacional de 20% dos votos nominais dos vereadores mapeados no município. Não representa previsão de votos nem apoio confirmado.
PÃO DE AÇÚCAR,27,8978,19298,897,1348,1793,33.67,1.495,2.2467,2.9883,DYEGO CORREIA SILVA,DYEGO CORREIA,PSB,1183,118,177,237,0.395,SEM GRUPO,DYEGO CORREIA SILVA. em PÃO DE AÇÚCAR. recebeu 1.183 votos em 2024. Pela metodologia corrigida. a contribuição potencial para Davi é calculada como conversão de parte desses próprios eleitores: 118 votos no cenário conservador de 10%. 177 no cenário intermediário de 15% e 237 no teto operacional de 20%. No cenário máximo. isso representa 0.40% da meta de 60.000 votos.,35,1793,Teto 20%,Potencial municipal corrigido: soma do teto operacional de 20% dos votos nominais dos vereadores mapeados no município. Não representa previsão de votos nem apoio confirmado.
OLHO D ÁGUA DAS FLORES,11,8922,0,892,1338,1784,45.36,1.4867,2.23,2.9733,JIVANEIDE BARBOSA ALCANTARA,LÉA BARBOSA,PP,1720,172,258,344,0.5733,SEM GRUPO,JIVANEIDE BARBOSA ALCANTARA. em OLHO D ÁGUA DAS FLORES. recebeu 1.720 votos em 2024. Pela metodologia corrigida. a contribuição potencial para Davi é calculada como conversão de parte desses próprios eleitores: 172 votos no cenário conservador de 10%. 258 no cenário intermediário de 15% e 344 no teto operacional de 20%. No cenário máximo. isso representa 0.57% da meta de 60.000 votos.,36,1784,Teto 20%,Potencial municipal corrigido: soma do teto operacional de 20% dos votos nominais dos vereadores mapeados no município. Não representa previsão de votos nem apoio confirmado.
BATALHA,19,8912,13756,890,1337,1783,37.32,1.4833,2.2283,2.9717,MIKAEL SOARES TENÓRIO,MIKAEL TENÓRIO,MDB,922,92,138,184,0.3067,SEM GRUPO,MIKAEL SOARES TENÓRIO. em BATALHA. recebeu 922 votos em 2024. Pela metodologia corrigida. a contribuição potencial para Davi é calculada como conversão de parte desses próprios eleitores: 92 votos no cenário conservador de 10%. 138 no cenário intermediário de 15% e 184 no teto operacional de 20%. No cenário máximo. isso representa 0.31% da meta de 60.000 votos.,37,1783,Teto 20%,Potencial municipal corrigido: soma do teto operacional de 20% dos votos nominais dos vereadores mapeados no município. Não representa previsão de votos nem apoio confirmado.
SATUBA,16,8618,15277,861,1293,1723,39.44,1.435,2.155,2.8717,JEOZADAQUE GUEDES DA SILVA,DARK RIOS,UNIÃO,1053,105,158,211,0.3517,SEM GRUPO,JEOZADAQUE GUEDES DA SILVA. em SATUBA. recebeu 1.053 votos em 2024. Pela metodologia corrigida. a contribuição potencial para Davi é calculada como conversão de parte desses próprios eleitores: 105 votos no cenário conservador de 10%. 158 no cenário intermediário de 15% e 211 no teto operacional de 20%. No cenário máximo. isso representa 0.35% da meta de 60.000 votos.,38,1723,Teto 20%,Potencial municipal corrigido: soma do teto operacional de 20% dos votos nominais dos vereadores mapeados no município. Não representa previsão de votos nem apoio confirmado.
MAJOR ISIDORO,11,8577,15802,856,1286,1717,46.73,1.4267,2.1433,2.8617,MANOEL FRANCISCO DA SILVA NETO,CHICÃO,PSB,963,96,144,193,0.3217,SEM GRUPO,MANOEL FRANCISCO DA SILVA NETO. em MAJOR ISIDORO. recebeu 963 votos em 2024. Pela metodologia corrigida. a contribuição potencial para Davi é calculada como conversão de parte desses próprios eleitores: 96 votos no cenário conservador de 10%. 144 no cenário intermediário de 15% e 193 no teto operacional de 20%. No cenário máximo. isso representa 0.32% da meta de 60.000 votos.,39,1717,Teto 20%,Potencial municipal corrigido: soma do teto operacional de 20% dos votos nominais dos vereadores mapeados no município. Não representa previsão de votos nem apoio confirmado.
SÃO JOSÉ DA LAJE,10,8444,17911,845,1266,1689,47.6,1.4083,2.11,2.815,MARCOS JOSÉ DINIZ,MARCOS DINIZ BOIADEIRO,PP,1348,135,202,270,0.45,SEM GRUPO,MARCOS JOSÉ DINIZ. em SÃO JOSÉ DA LAJE. recebeu 1.348 votos em 2024. Pela metodologia corrigida. a contribuição potencial para Davi é calculada como conversão de parte desses próprios eleitores: 135 votos no cenário conservador de 10%. 202 no cenário intermediário de 15% e 270 no teto operacional de 20%. No cenário máximo. isso representa 0.45% da meta de 60.000 votos.,40,1689,Teto 20%,Potencial municipal corrigido: soma do teto operacional de 20% dos votos nominais dos vereadores mapeados no município. Não representa previsão de votos nem apoio confirmado.
COLÔNIA LEOPOLDINA,28,8415,15772,841,1261,1685,32.79,1.4017,2.1017,2.8083,ADRIANO MARQUES DE ARAUJO,ADRIANO DA VILA NOVA,MDB,968,97,145,194,0.3233,SEM GRUPO,ADRIANO MARQUES DE ARAUJO. em COLÔNIA LEOPOLDINA. recebeu 968 votos em 2024. Pela metodologia corrigida. a contribuição potencial para Davi é calculada como conversão de parte desses próprios eleitores: 97 votos no cenário conservador de 10%. 145 no cenário intermediário de 15% e 194 no teto operacional de 20%. No cenário máximo. isso representa 0.32% da meta de 60.000 votos.,41,1685,Teto 20%,Potencial municipal corrigido: soma do teto operacional de 20% dos votos nominais dos vereadores mapeados no município. Não representa previsão de votos nem apoio confirmado.
INHAPI,14,7944,14546,794,1191,1589,40.43,1.3233,1.985,2.6483,ÂNGELO MÁRCIO VIEIRA,MÁRCIO DE ADELMO,PSB,1393,139,209,279,0.465,SEM GRUPO,ÂNGELO MÁRCIO VIEIRA. em INHAPI. recebeu 1.393 votos em 2024. Pela metodologia corrigida. a contribuição potencial para Davi é calculada como conversão de parte desses próprios eleitores: 139 votos no cenário conservador de 10%. 209 no cenário intermediário de 15% e 279 no teto operacional de 20%. No cenário máximo. isso representa 0.47% da meta de 60.000 votos.,42,1589,Teto 20%,Potencial municipal corrigido: soma do teto operacional de 20% dos votos nominais dos vereadores mapeados no município. Não representa previsão de votos nem apoio confirmado.
LAGOA DA CANOA,19,7680,17464,765,1150,1538,35.89,1.275,1.9167,2.5633,CLAUDIANO MIGUEL DA SILVA,CLAUDIANO MIGUEL,PP,883,88,132,177,0.295,SEM GRUPO,CLAUDIANO MIGUEL DA SILVA. em LAGOA DA CANOA. recebeu 883 votos em 2024. Pela metodologia corrigida. a contribuição potencial para Davi é calculada como conversão de parte desses próprios eleitores: 88 votos no cenário conservador de 10%. 132 no cenário intermediário de 15% e 177 no teto operacional de 20%. No cenário máximo. isso representa 0.29% da meta de 60.000 votos.,43,1538,Teto 20%,Potencial municipal corrigido: soma do teto operacional de 20% dos votos nominais dos vereadores mapeados no município. Não representa previsão de votos nem apoio confirmado.
CANAPI,16,7684,15330,769,1152,1536,38.94,1.2817,1.92,2.56,ARNALDO SOARES DE BRITO,ARNALDO BARBOSA,MDB,905,90,136,181,0.3017,SEM GRUPO,ARNALDO SOARES DE BRITO. em CANAPI. recebeu 905 votos em 2024. Pela metodologia corrigida. a contribuição potencial para Davi é calculada como conversão de parte desses próprios eleitores: 90 votos no cenário conservador de 10%. 136 no cenário intermediário de 15% e 181 no teto operacional de 20%. No cenário máximo. isso representa 0.30% da meta de 60.000 votos.,44,1536,Teto 20%,Potencial municipal corrigido: soma do teto operacional de 20% dos votos nominais dos vereadores mapeados no município. Não representa previsão de votos nem apoio confirmado.
JOAQUIM GOMES,11,7659,15290,768,1147,1532,43.82,1.28,1.9117,2.5533,CICERO FERREIRA DE LIMA FILHO,CICERO COMPANHEIRO,PSDB,998,100,150,200,0.3333,SEM GRUPO,CICERO FERREIRA DE LIMA FILHO. em JOAQUIM GOMES. recebeu 998 votos em 2024. Pela metodologia corrigida. a contribuição potencial para Davi é calculada como conversão de parte desses próprios eleitores: 100 votos no cenário conservador de 10%. 150 no cenário intermediário de 15% e 200 no teto operacional de 20%. No cenário máximo. isso representa 0.33% da meta de 60.000 votos.,45,1532,Teto 20%,Potencial municipal corrigido: soma do teto operacional de 20% dos votos nominais dos vereadores mapeados no município. Não representa previsão de votos nem apoio confirmado.
ÁGUA BRANCA,12,7520,16682,753,1129,1503,41.83,1.255,1.8817,2.505,MAGDA LUANA BARROS SILVA SANTOS,MAGDA DE HORLANDINHO,PP,1092,109,164,218,0.3633,SEM GRUPO,MAGDA LUANA BARROS SILVA SANTOS. em ÁGUA BRANCA. recebeu 1.092 votos em 2024. Pela metodologia corrigida. a contribuição potencial para Davi é calculada como conversão de parte desses próprios eleitores: 109 votos no cenário conservador de 10%. 164 no cenário intermediário de 15% e 218 no teto operacional de 20%. No cenário máximo. isso representa 0.36% da meta de 60.000 votos.,46,1503,Teto 20%,Potencial municipal corrigido: soma do teto operacional de 20% dos votos nominais dos vereadores mapeados no município. Não representa previsão de votos nem apoio confirmado.
CAMPO GRANDE,19,7311,9546,731,1096,1462,35.21,1.2183,1.8267,2.4367,ARNALD RYAN DOS SANTOS HIGINO,RYAN,PSB,1086,109,163,217,0.3617,SEM GRUPO,ARNALD RYAN DOS SANTOS HIGINO. em CAMPO GRANDE. recebeu 1.086 votos em 2024. Pela metodologia corrigida. a contribuição potencial para Davi é calculada como conversão de parte desses próprios eleitores: 109 votos no cenário conservador de 10%. 163 no cenário intermediário de 15% e 217 no teto operacional de 20%. No cenário máximo. isso representa 0.36% da meta de 60.000 votos.,47,1462,Teto 20%,Potencial municipal corrigido: soma do teto operacional de 20% dos votos nominais dos vereadores mapeados no município. Não representa previsão de votos nem apoio confirmado.
PORTO REAL DO COLÉGIO,11,7277,18066,728,1093,1454,43.36,1.2133,1.8217,2.4233,HÉLIO DOS SANTOS,HÉLIO DO RETIRO,PP,967,97,145,193,0.3217,SEM GRUPO,HÉLIO DOS SANTOS. em PORTO REAL DO COLÉGIO. recebeu 967 votos em 2024. Pela metodologia corrigida. a contribuição potencial para Davi é calculada como conversão de parte desses próprios eleitores: 97 votos no cenário conservador de 10%. 145 no cenário intermediário de 15% e 193 no teto operacional de 20%. No cenário máximo. isso representa 0.32% da meta de 60.000 votos.,48,1454,Teto 20%,Potencial municipal corrigido: soma do teto operacional de 20% dos votos nominais dos vereadores mapeados no município. Não representa previsão de votos nem apoio confirmado.
ANADIA,16,7182,13178,720,1075,1437,38.62,1.2,1.7917,2.395,LUIZ FELLIPY SANTOS GOMES,FELLYPE DO ZÉ LUIZ,PSB,1035,104,155,207,0.345,SEM GRUPO,LUIZ FELLIPY SANTOS GOMES. em ANADIA. recebeu 1.035 votos em 2024. Pela metodologia corrigida. a contribuição potencial para Davi é calculada como conversão de parte desses próprios eleitores: 104 votos no cenário conservador de 10%. 155 no cenário intermediário de 15% e 207 no teto operacional de 20%. No cenário máximo. isso representa 0.34% da meta de 60.000 votos.,49,1437,Teto 20%,Potencial municipal corrigido: soma do teto operacional de 20% dos votos nominais dos vereadores mapeados no município. Não representa previsão de votos nem apoio confirmado.
CAJUEIRO,11,6883,15200,690,1032,1376,44.27,1.15,1.72,2.2933,EMERSON DE LEMOS RIBEIRO,EMERSON RIBEIRO,MDB,833,83,125,167,0.2783,SEM GRUPO,EMERSON DE LEMOS RIBEIRO. em CAJUEIRO. recebeu 833 votos em 2024. Pela metodologia corrigida. a contribuição potencial para Davi é calculada como conversão de parte desses próprios eleitores: 83 votos no cenário conservador de 10%. 125 no cenário intermediário de 15% e 167 no teto operacional de 20%. No cenário máximo. isso representa 0.28% da meta de 60.000 votos.,50,1376,Teto 20%,Potencial municipal corrigido: soma do teto operacional de 20% dos votos nominais dos vereadores mapeados no município. Não representa previsão de votos nem apoio confirmado.
TAQUARANA,11,6795,15757,680,1017,1359,42.64,1.1333,1.695,2.265,JOÃO SEBASTIÃO DE OLIVEIRA,JOÃO BREU,UNIÃO,1023,102,153,205,0.3417,SEM GRUPO,JOÃO SEBASTIÃO DE OLIVEIRA. em TAQUARANA. recebeu 1.023 votos em 2024. Pela metodologia corrigida. a contribuição potencial para Davi é calculada como conversão de parte desses próprios eleitores: 102 votos no cenário conservador de 10%. 153 no cenário intermediário de 15% e 205 no teto operacional de 20%. No cenário máximo. isso representa 0.34% da meta de 60.000 votos.,51,1359,Teto 20%,Potencial municipal corrigido: soma do teto operacional de 20% dos votos nominais dos vereadores mapeados no município. Não representa previsão de votos nem apoio confirmado.
MESSIAS,43,6653,14439,665,999,1331,29.02,1.1083,1.665,2.2183,THAYSE FERNANDA SOUSA BARROS LEITE,THAYSINHA PEIXOTO,REPUBLICANOS,805,80,121,161,0.2683,SEM GRUPO,THAYSE FERNANDA SOUSA BARROS LEITE. em MESSIAS. recebeu 805 votos em 2024. Pela metodologia corrigida. a contribuição potencial para Davi é calculada como conversão de parte desses próprios eleitores: 80 votos no cenário conservador de 10%. 121 no cenário intermediário de 15% e 161 no teto operacional de 20%. No cenário máximo. isso representa 0.27% da meta de 60.000 votos.,52,1331,Teto 20%,Potencial municipal corrigido: soma do teto operacional de 20% dos votos nominais dos vereadores mapeados no município. Não representa previsão de votos nem apoio confirmado.
CAPELA,23,6447,13391,646,966,1290,32.39,1.0767,1.61,2.15,LUIS ELADIO DA SILVA JUNIOR,ELADIO JUNIOR,PP,696,70,104,139,0.2317,SEM GRUPO,LUIS ELADIO DA SILVA JUNIOR. em CAPELA. recebeu 696 votos em 2024. Pela metodologia corrigida. a contribuição potencial para Davi é calculada como conversão de parte desses próprios eleitores: 70 votos no cenário conservador de 10%. 104 no cenário intermediário de 15% e 139 no teto operacional de 20%. No cenário máximo. isso representa 0.23% da meta de 60.000 votos.,53,1290,Teto 20%,Potencial municipal corrigido: soma do teto operacional de 20% dos votos nominais dos vereadores mapeados no município. Não representa previsão de votos nem apoio confirmado.
PARIPUEIRA,9,6432,12809,643,964,1287,45.22,1.0717,1.6067,2.145,HAROLDO NASCIMENTO DA SILVA,HAROLDO NASCIMENTO,MDB,1198,120,180,240,0.4,SEM GRUPO,HAROLDO NASCIMENTO DA SILVA. em PARIPUEIRA. recebeu 1.198 votos em 2024. Pela metodologia corrigida. a contribuição potencial para Davi é calculada como conversão de parte desses próprios eleitores: 120 votos no cenário conservador de 10%. 180 no cenário intermediário de 15% e 240 no teto operacional de 20%. No cenário máximo. isso representa 0.40% da meta de 60.000 votos.,54,1287,Teto 20%,Potencial municipal corrigido: soma do teto operacional de 20% dos votos nominais dos vereadores mapeados no município. Não representa previsão de votos nem apoio confirmado.
NOVO LINO,9,6177,10193,616,926,1236,45.44,1.0267,1.5433,2.06,NUBIA MARIA DE LIMA,NUBIA LIMA,MDB,1034,103,155,207,0.345,SEM GRUPO,NUBIA MARIA DE LIMA. em NOVO LINO. recebeu 1.034 votos em 2024. Pela metodologia corrigida. a contribuição potencial para Davi é calculada como conversão de parte desses próprios eleitores: 103 votos no cenário conservador de 10%. 155 no cenário intermediário de 15% e 207 no teto operacional de 20%. No cenário máximo. isso representa 0.34% da meta de 60.000 votos.,55,1236,Teto 20%,Potencial municipal corrigido: soma do teto operacional de 20% dos votos nominais dos vereadores mapeados no município. Não representa previsão de votos nem apoio confirmado.
POÇO DAS TRINCHEIRAS,18,6075,11129,608,909,1214,35.17,1.0133,1.515,2.0233,MARIA INÁCIO DA SILVA ROCHA,MARIA INÁCIO,REPUBLICANOS,745,74,112,149,0.2483,SEM GRUPO,MARIA INÁCIO DA SILVA ROCHA. em POÇO DAS TRINCHEIRAS. recebeu 745 votos em 2024. Pela metodologia corrigida. a contribuição potencial para Davi é calculada como conversão de parte desses próprios eleitores: 74 votos no cenário conservador de 10%. 112 no cenário intermediário de 15% e 149 no teto operacional de 20%. No cenário máximo. isso representa 0.25% da meta de 60.000 votos.,56,1214,Teto 20%,Potencial municipal corrigido: soma do teto operacional de 20% dos votos nominais dos vereadores mapeados no município. Não representa previsão de votos nem apoio confirmado.
DOIS RIACHOS,16,6058,9898,605,912,1210,37.44,1.0083,1.52,2.0167,EVALDO BEZERRA DA SILVA VANDERLEY,VALDO WANDERLEY,MDB,831,83,125,166,0.2767,SEM GRUPO,EVALDO BEZERRA DA SILVA VANDERLEY. em DOIS RIACHOS. recebeu 831 votos em 2024. Pela metodologia corrigida. a contribuição potencial para Davi é calculada como conversão de parte desses próprios eleitores: 83 votos no cenário conservador de 10%. 125 no cenário intermediário de 15% e 166 no teto operacional de 20%. No cenário máximo. isso representa 0.28% da meta de 60.000 votos.,57,1210,Teto 20%,Potencial municipal corrigido: soma do teto operacional de 20% dos votos nominais dos vereadores mapeados no município. Não representa previsão de votos nem apoio confirmado.
ESTRELA DE ALAGOAS,11,6018,13068,602,902,1204,41.0,1.0033,1.5033,2.0067,DEIVID MOURA DA SILVA,DEIVID MOURA,MDB,1006,101,151,201,0.335,SEM GRUPO,DEIVID MOURA DA SILVA. em ESTRELA DE ALAGOAS. recebeu 1.006 votos em 2024. Pela metodologia corrigida. a contribuição potencial para Davi é calculada como conversão de parte desses próprios eleitores: 101 votos no cenário conservador de 10%. 151 no cenário intermediário de 15% e 201 no teto operacional de 20%. No cenário máximo. isso representa 0.34% da meta de 60.000 votos.,58,1204,Teto 20%,Potencial municipal corrigido: soma do teto operacional de 20% dos votos nominais dos vereadores mapeados no município. Não representa previsão de votos nem apoio confirmado.
JAPARATINGA,19,6008,9070,601,902,1201,34.47,1.0017,1.5033,2.0017,MEYKSON THIAGO TRINDADE SANTOS,MEQUINHO DA CÍCERA,MDB,666,67,100,133,0.2217,SEM GRUPO,MEYKSON THIAGO TRINDADE SANTOS. em JAPARATINGA. recebeu 666 votos em 2024. Pela metodologia corrigida. a contribuição potencial para Davi é calculada como conversão de parte desses próprios eleitores: 67 votos no cenário conservador de 10%. 100 no cenário intermediário de 15% e 133 no teto operacional de 20%. No cenário máximo. isso representa 0.22% da meta de 60.000 votos.,59,1201,Teto 20%,Potencial municipal corrigido: soma do teto operacional de 20% dos votos nominais dos vereadores mapeados no município. Não representa previsão de votos nem apoio confirmado.
COITÉ DO NÓIA,9,5955,9675,595,893,1190,46.89,0.9917,1.4883,1.9833,NANNDO SÁLVIO RODRIGUES PRAXEDES,NANNDO PRAXEDES,PODE,883,88,132,177,0.295,SEM GRUPO,NANNDO SÁLVIO RODRIGUES PRAXEDES. em COITÉ DO NÓIA. recebeu 883 votos em 2024. Pela metodologia corrigida. a contribuição potencial para Davi é calculada como conversão de parte desses próprios eleitores: 88 votos no cenário conservador de 10%. 132 no cenário intermediário de 15% e 177 no teto operacional de 20%. No cenário máximo. isso representa 0.29% da meta de 60.000 votos.,60,1190,Teto 20%,Potencial municipal corrigido: soma do teto operacional de 20% dos votos nominais dos vereadores mapeados no município. Não representa previsão de votos nem apoio confirmado.
MARIBONDO,9,5777,11101,578,866,1155,45.44,0.9633,1.4433,1.925,VANDA MARIA FLORENTINO FERREIRA,VANDA FLORENTINO,PSB,789,79,118,158,0.2633,SEM GRUPO,VANDA MARIA FLORENTINO FERREIRA. em MARIBONDO. recebeu 789 votos em 2024. Pela metodologia corrigida. a contribuição potencial para Davi é calculada como conversão de parte desses próprios eleitores: 79 votos no cenário conservador de 10%. 118 no cenário intermediário de 15% e 158 no teto operacional de 20%. No cenário máximo. isso representa 0.26% da meta de 60.000 votos.,61,1155,Teto 20%,Potencial municipal corrigido: soma do teto operacional de 20% dos votos nominais dos vereadores mapeados no município. Não representa previsão de votos nem apoio confirmado.
OLIVENÇA,9,5483,10260,547,823,1098,44.0,0.9117,1.3717,1.83,RONIELSON DA CONCEIÇÃO SILVA,RONNY AFONSO,PSB,1008,101,151,202,0.3367,SEM GRUPO,RONIELSON DA CONCEIÇÃO SILVA. em OLIVENÇA. recebeu 1.008 votos em 2024. Pela metodologia corrigida. a contribuição potencial para Davi é calculada como conversão de parte desses próprios eleitores: 101 votos no cenário conservador de 10%. 151 no cenário intermediário de 15% e 202 no teto operacional de 20%. No cenário máximo. isso representa 0.34% da meta de 60.000 votos.,62,1098,Teto 20%,Potencial municipal corrigido: soma do teto operacional de 20% dos votos nominais dos vereadores mapeados no município. Não representa previsão de votos nem apoio confirmado.
SENADOR RUI PALMEIRA,18,5329,9890,532,802,1065,34.67,0.8867,1.3367,1.775,MARIA CÉLIA FERREIRA LIMA,CÉLIA FERREIRA,MDB,779,78,117,156,0.26,SEM GRUPO,MARIA CÉLIA FERREIRA LIMA. em SENADOR RUI PALMEIRA. recebeu 779 votos em 2024. Pela metodologia corrigida. a contribuição potencial para Davi é calculada como conversão de parte desses próprios eleitores: 78 votos no cenário conservador de 10%. 117 no cenário intermediário de 15% e 156 no teto operacional de 20%. No cenário máximo. isso representa 0.26% da meta de 60.000 votos.,63,1065,Teto 20%,Potencial municipal corrigido: soma do teto operacional de 20% dos votos nominais dos vereadores mapeados no município. Não representa previsão de votos nem apoio confirmado.
PASSO DE CAMARAGIBE,9,5113,12595,510,766,1023,44.89,0.85,1.2767,1.705,ERALDO DOS SANTOS TORRES,ERALDO TORRES,PODE,816,82,122,163,0.2717,SEM GRUPO,ERALDO DOS SANTOS TORRES. em PASSO DE CAMARAGIBE. recebeu 816 votos em 2024. Pela metodologia corrigida. a contribuição potencial para Davi é calculada como conversão de parte desses próprios eleitores: 82 votos no cenário conservador de 10%. 122 no cenário intermediário de 15% e 163 no teto operacional de 20%. No cenário máximo. isso representa 0.27% da meta de 60.000 votos.,64,1023,Teto 20%,Potencial municipal corrigido: soma do teto operacional de 20% dos votos nominais dos vereadores mapeados no município. Não representa previsão de votos nem apoio confirmado.
CACIMBINHAS,11,5035,8896,503,754,1008,40.55,0.8383,1.2567,1.68,LUCIVÂNIA FERREIRA DA SILVA WANDERLEY,VÂNIA WANDERLEY,MDB,841,84,126,168,0.28,SEM GRUPO,LUCIVÂNIA FERREIRA DA SILVA WANDERLEY. em CACIMBINHAS. recebeu 841 votos em 2024. Pela metodologia corrigida. a contribuição potencial para Davi é calculada como conversão de parte desses próprios eleitores: 84 votos no cenário conservador de 10%. 126 no cenário intermediário de 15% e 168 no teto operacional de 20%. No cenário máximo. isso representa 0.28% da meta de 60.000 votos.,65,1008,Teto 20%,Potencial municipal corrigido: soma do teto operacional de 20% dos votos nominais dos vereadores mapeados no município. Não representa previsão de votos nem apoio confirmado.
JEQUIÁ DA PRAIA,19,4968,8624,497,745,992,33.95,0.8283,1.2417,1.6533,CIALEX AZARIAS DOS SANTOS,CIALEX,PSB,682,68,102,136,0.2267,SEM GRUPO,CIALEX AZARIAS DOS SANTOS. em JEQUIÁ DA PRAIA. recebeu 682 votos em 2024. Pela metodologia corrigida. a contribuição potencial para Davi é calculada como conversão de parte desses próprios eleitores: 68 votos no cenário conservador de 10%. 102 no cenário intermediário de 15% e 136 no teto operacional de 20%. No cenário máximo. isso representa 0.23% da meta de 60.000 votos.,66,992,Teto 20%,Potencial municipal corrigido: soma do teto operacional de 20% dos votos nominais dos vereadores mapeados no município. Não representa previsão de votos nem apoio confirmado.
PORTO DE PEDRAS,28,4830,8406,482,722,967,31.0,0.8033,1.2033,1.6117,OSMADIR COSTA DORTA,MADICO,MDB,850,85,128,170,0.2833,SEM GRUPO,OSMADIR COSTA DORTA. em PORTO DE PEDRAS. recebeu 850 votos em 2024. Pela metodologia corrigida. a contribuição potencial para Davi é calculada como conversão de parte desses próprios eleitores: 85 votos no cenário conservador de 10%. 128 no cenário intermediário de 15% e 170 no teto operacional de 20%. No cenário máximo. isso representa 0.28% da meta de 60.000 votos.,67,967,Teto 20%,Potencial municipal corrigido: soma do teto operacional de 20% dos votos nominais dos vereadores mapeados no município. Não representa previsão de votos nem apoio confirmado.
BARRA DE SANTO ANTÔNIO,27,4790,15387,477,720,959,30.93,0.795,1.2,1.5983,IGOR PATRÍCIO DE LIMA COSTA,IGOR COSTA,MDB,699,70,105,140,0.2333,SEM GRUPO,IGOR PATRÍCIO DE LIMA COSTA. em BARRA DE SANTO ANTÔNIO. recebeu 699 votos em 2024. Pela metodologia corrigida. a contribuição potencial para Davi é calculada como conversão de parte desses próprios eleitores: 70 votos no cenário conservador de 10%. 105 no cenário intermediário de 15% e 140 no teto operacional de 20%. No cenário máximo. isso representa 0.23% da meta de 60.000 votos.,68,959,Teto 20%,Potencial municipal corrigido: soma do teto operacional de 20% dos votos nominais dos vereadores mapeados no município. Não representa previsão de votos nem apoio confirmado.
QUEBRANGULO,9,4796,10470,480,719,958,44.0,0.8,1.1983,1.5967,ELÂNIO HENRIQUE SANTOS LIMA,ELÂNIO,MDB,849,85,127,170,0.2833,SEM GRUPO,ELÂNIO HENRIQUE SANTOS LIMA. em QUEBRANGULO. recebeu 849 votos em 2024. Pela metodologia corrigida. a contribuição potencial para Davi é calculada como conversão de parte desses próprios eleitores: 85 votos no cenário conservador de 10%. 127 no cenário intermediário de 15% e 170 no teto operacional de 20%. No cenário máximo. isso representa 0.28% da meta de 60.000 votos.,69,958,Teto 20%,Potencial municipal corrigido: soma do teto operacional de 20% dos votos nominais dos vereadores mapeados no município. Não representa previsão de votos nem apoio confirmado.
IBATEGUARA,15,4747,11919,476,712,949,36.0,0.7933,1.1867,1.5817,JAIME FERREIRA GUIMARAES,JAIME GUIMARÃES,MDB,626,63,94,125,0.2083,SEM GRUPO,JAIME FERREIRA GUIMARAES. em IBATEGUARA. recebeu 626 votos em 2024. Pela metodologia corrigida. a contribuição potencial para Davi é calculada como conversão de parte desses próprios eleitores: 63 votos no cenário conservador de 10%. 94 no cenário intermediário de 15% e 125 no teto operacional de 20%. No cenário máximo. isso representa 0.21% da meta de 60.000 votos.,70,949,Teto 20%,Potencial municipal corrigido: soma do teto operacional de 20% dos votos nominais dos vereadores mapeados no município. Não representa previsão de votos nem apoio confirmado.
SANTANA DO MUNDAÚ,9,4505,9627,449,676,902,43.11,0.7483,1.1267,1.5033,KELLYANE CORREIA DE ALMEIDA,KELLY CORREIA,MDB,704,70,106,141,0.235,SEM GRUPO,KELLYANE CORREIA DE ALMEIDA. em SANTANA DO MUNDAÚ. recebeu 704 votos em 2024. Pela metodologia corrigida. a contribuição potencial para Davi é calculada como conversão de parte desses próprios eleitores: 70 votos no cenário conservador de 10%. 106 no cenário intermediário de 15% e 141 no teto operacional de 20%. No cenário máximo. isso representa 0.23% da meta de 60.000 votos.,71,902,Teto 20%,Potencial municipal corrigido: soma do teto operacional de 20% dos votos nominais dos vereadores mapeados no município. Não representa previsão de votos nem apoio confirmado.
OURO BRANCO,19,4478,10077,449,670,894,33.42,0.7483,1.1167,1.49,JOSE IVAN DOS REIS,IVAN DO BAR,UNIÃO,600,60,90,120,0.2,SEM GRUPO,JOSE IVAN DOS REIS. em OURO BRANCO. recebeu 600 votos em 2024. Pela metodologia corrigida. a contribuição potencial para Davi é calculada como conversão de parte desses próprios eleitores: 60 votos no cenário conservador de 10%. 90 no cenário intermediário de 15% e 120 no teto operacional de 20%. No cenário máximo. isso representa 0.20% da meta de 60.000 votos.,72,894,Teto 20%,Potencial municipal corrigido: soma do teto operacional de 20% dos votos nominais dos vereadores mapeados no município. Não representa previsão de votos nem apoio confirmado.
BRANQUINHA,9,4352,9547,435,652,871,43.89,0.725,1.0867,1.4517,FABIANO FELIX DA SILVA,FABIANO FELIX,PT,592,59,89,118,0.1967,SEM GRUPO,FABIANO FELIX DA SILVA. em BRANQUINHA. recebeu 592 votos em 2024. Pela metodologia corrigida. a contribuição potencial para Davi é calculada como conversão de parte desses próprios eleitores: 59 votos no cenário conservador de 10%. 89 no cenário intermediário de 15% e 118 no teto operacional de 20%. No cenário máximo. isso representa 0.20% da meta de 60.000 votos.,73,871,Teto 20%,Potencial municipal corrigido: soma do teto operacional de 20% dos votos nominais dos vereadores mapeados no município. Não representa previsão de votos nem apoio confirmado.
PIAÇABUÇU,11,4332,14386,433,649,867,40.91,0.7217,1.0817,1.445,VIVIANE SANTOS CASTRO MELO,VIVI CASTRO,PP,471,47,71,94,0.1567,SEM GRUPO,VIVIANE SANTOS CASTRO MELO. em PIAÇABUÇU. recebeu 471 votos em 2024. Pela metodologia corrigida. a contribuição potencial para Davi é calculada como conversão de parte desses próprios eleitores: 47 votos no cenário conservador de 10%. 71 no cenário intermediário de 15% e 94 no teto operacional de 20%. No cenário máximo. isso representa 0.16% da meta de 60.000 votos.,74,867,Teto 20%,Potencial municipal corrigido: soma do teto operacional de 20% dos votos nominais dos vereadores mapeados no município. Não representa previsão de votos nem apoio confirmado.
CARNEIROS,18,4207,7662,421,632,843,34.17,0.7017,1.0533,1.405,RAUUL MARQUES DOS ANJOS MELO,RAUL MELO,PSB,620,62,93,124,0.2067,SEM GRUPO,RAUUL MARQUES DOS ANJOS MELO. em CARNEIROS. recebeu 620 votos em 2024. Pela metodologia corrigida. a contribuição potencial para Davi é calculada como conversão de parte desses próprios eleitores: 62 votos no cenário conservador de 10%. 93 no cenário intermediário de 15% e 124 no teto operacional de 20%. No cenário máximo. isso representa 0.21% da meta de 60.000 votos.,75,843,Teto 20%,Potencial municipal corrigido: soma do teto operacional de 20% dos votos nominais dos vereadores mapeados no município. Não representa previsão de votos nem apoio confirmado.
BARRA DE SÃO MIGUEL,29,4162,8167,419,625,831,30.45,0.6983,1.0417,1.385,TIOGO JOÃO DA SILVA,TIOGO JOÃO,PP,760,76,114,152,0.2533,SEM GRUPO,TIOGO JOÃO DA SILVA. em BARRA DE SÃO MIGUEL. recebeu 760 votos em 2024. Pela metodologia corrigida. a contribuição potencial para Davi é calculada como conversão de parte desses próprios eleitores: 76 votos no cenário conservador de 10%. 114 no cenário intermediário de 15% e 152 no teto operacional de 20%. No cenário máximo. isso representa 0.25% da meta de 60.000 votos.,76,831,Teto 20%,Potencial municipal corrigido: soma do teto operacional de 20% dos votos nominais dos vereadores mapeados no município. Não representa previsão de votos nem apoio confirmado.
PARICONHA,18,4128,9746,414,619,826,34.44,0.69,1.0317,1.3767,CLERISVAN ANTONIO DE BARROS,BRANCO DA SERRA,PP,499,50,75,100,0.1667,SEM GRUPO,CLERISVAN ANTONIO DE BARROS. em PARICONHA. recebeu 499 votos em 2024. Pela metodologia corrigida. a contribuição potencial para Davi é calculada como conversão de parte desses próprios eleitores: 50 votos no cenário conservador de 10%. 75 no cenário intermediário de 15% e 100 no teto operacional de 20%. No cenário máximo. isso representa 0.17% da meta de 60.000 votos.,77,826,Teto 20%,Potencial municipal corrigido: soma do teto operacional de 20% dos votos nominais dos vereadores mapeados no município. Não representa previsão de votos nem apoio confirmado.
SÃO MIGUEL DOS MILAGRES,9,4050,8283,405,607,811,41.67,0.675,1.0117,1.3517,ESTACIO LEONIDIO DOS SANTOS NETO,ESTACIO,PDT,620,62,93,124,0.2067,SEM GRUPO,ESTACIO LEONIDIO DOS SANTOS NETO. em SÃO MIGUEL DOS MILAGRES. recebeu 620 votos em 2024. Pela metodologia corrigida. a contribuição potencial para Davi é calculada como conversão de parte desses próprios eleitores: 62 votos no cenário conservador de 10%. 93 no cenário intermediário de 15% e 124 no teto operacional de 20%. No cenário máximo. isso representa 0.21% da meta de 60.000 votos.,78,811,Teto 20%,Potencial municipal corrigido: soma do teto operacional de 20% dos votos nominais dos vereadores mapeados no município. Não representa previsão de votos nem apoio confirmado.
JARAMATAIA,9,3860,5247,387,579,772,44.22,0.645,0.965,1.2867,VANDECI MOREIRA DOS SANTOS,VANDA MOREIRA,MDB,718,72,108,144,0.24,SEM GRUPO,VANDECI MOREIRA DOS SANTOS. em JARAMATAIA. recebeu 718 votos em 2024. Pela metodologia corrigida. a contribuição potencial para Davi é calculada como conversão de parte desses próprios eleitores: 72 votos no cenário conservador de 10%. 108 no cenário intermediário de 15% e 144 no teto operacional de 20%. No cenário máximo. isso representa 0.24% da meta de 60.000 votos.,79,772,Teto 20%,Potencial municipal corrigido: soma do teto operacional de 20% dos votos nominais dos vereadores mapeados no município. Não representa previsão de votos nem apoio confirmado.
FLEXEIRAS,9,3852,8929,384,577,770,42.22,0.64,0.9617,1.2833,MARCIO VIANA CAVALCANTE,MARCIO,PP,694,69,104,139,0.2317,SEM GRUPO,MARCIO VIANA CAVALCANTE. em FLEXEIRAS. recebeu 694 votos em 2024. Pela metodologia corrigida. a contribuição potencial para Davi é calculada como conversão de parte desses próprios eleitores: 69 votos no cenário conservador de 10%. 104 no cenário intermediário de 15% e 139 no teto operacional de 20%. No cenário máximo. isso representa 0.23% da meta de 60.000 votos.,80,770,Teto 20%,Potencial municipal corrigido: soma do teto operacional de 20% dos votos nominais dos vereadores mapeados no município. Não representa previsão de votos nem apoio confirmado.
PAULO JACINTO,9,3701,6749,370,556,741,43.89,0.6167,0.9267,1.235,EVERALDO TENÓRIO FLORENTINO,EVERALDO TENÓRIO,PP,518,52,78,104,0.1733,SEM GRUPO,EVERALDO TENÓRIO FLORENTINO. em PAULO JACINTO. recebeu 518 votos em 2024. Pela metodologia corrigida. a contribuição potencial para Davi é calculada como conversão de parte desses próprios eleitores: 52 votos no cenário conservador de 10%. 78 no cenário intermediário de 15% e 104 no teto operacional de 20%. No cenário máximo. isso representa 0.17% da meta de 60.000 votos.,81,741,Teto 20%,Potencial municipal corrigido: soma do teto operacional de 20% dos votos nominais dos vereadores mapeados no município. Não representa previsão de votos nem apoio confirmado.
OLHO D ÁGUA DO CASADO,20,3681,0,368,551,734,32.75,0.6133,0.9183,1.2233,WELLINGTON SILVA DOS SANTOS,PRETO DE JOÃO DO CALÇAMENTO,CIDADANIA,605,60,91,121,0.2017,SEM GRUPO,WELLINGTON SILVA DOS SANTOS. em OLHO D ÁGUA DO CASADO. recebeu 605 votos em 2024. Pela metodologia corrigida. a contribuição potencial para Davi é calculada como conversão de parte desses próprios eleitores: 60 votos no cenário conservador de 10%. 91 no cenário intermediário de 15% e 121 no teto operacional de 20%. No cenário máximo. isso representa 0.20% da meta de 60.000 votos.,82,734,Teto 20%,Potencial municipal corrigido: soma do teto operacional de 20% dos votos nominais dos vereadores mapeados no município. Não representa previsão de votos nem apoio confirmado.
TANQUE D ARCA,17,3512,0,351,527,702,34.41,0.585,0.8783,1.17,WILTON TEIXEIRA DE ALMEIDA,NENO TEIXEIRA,REPUBLICANOS,635,64,95,127,0.2117,SEM GRUPO,WILTON TEIXEIRA DE ALMEIDA. em TANQUE D ARCA. recebeu 635 votos em 2024. Pela metodologia corrigida. a contribuição potencial para Davi é calculada como conversão de parte desses próprios eleitores: 64 votos no cenário conservador de 10%. 95 no cenário intermediário de 15% e 127 no teto operacional de 20%. No cenário máximo. isso representa 0.21% da meta de 60.000 votos.,83,702,Teto 20%,Potencial municipal corrigido: soma do teto operacional de 20% dos votos nominais dos vereadores mapeados no município. Não representa previsão de votos nem apoio confirmado.
SÃO BRÁS,13,3484,7404,348,522,698,37.31,0.58,0.87,1.1633,WILLIAM DOUGLAS BEZERRA DA ROCHA,DOUGLAS DO GIRAU,REPUBLICANOS,479,48,72,96,0.16,SEM GRUPO,WILLIAM DOUGLAS BEZERRA DA ROCHA. em SÃO BRÁS. recebeu 479 votos em 2024. Pela metodologia corrigida. a contribuição potencial para Davi é calculada como conversão de parte desses próprios eleitores: 48 votos no cenário conservador de 10%. 72 no cenário intermediário de 15% e 96 no teto operacional de 20%. No cenário máximo. isso representa 0.16% da meta de 60.000 votos.,84,698,Teto 20%,Potencial municipal corrigido: soma do teto operacional de 20% dos votos nominais dos vereadores mapeados no município. Não representa previsão de votos nem apoio confirmado.
BELO MONTE,9,3446,6271,344,515,688,43.33,0.5733,0.8583,1.1467,LAURSTON GUSTAVO PEREIRA DE MELO,LAURO TIO DE AVANINHO,MDB,494,49,74,99,0.165,SEM GRUPO,LAURSTON GUSTAVO PEREIRA DE MELO. em BELO MONTE. recebeu 494 votos em 2024. Pela metodologia corrigida. a contribuição potencial para Davi é calculada como conversão de parte desses próprios eleitores: 49 votos no cenário conservador de 10%. 74 no cenário intermediário de 15% e 99 no teto operacional de 20%. No cenário máximo. isso representa 0.17% da meta de 60.000 votos.,85,688,Teto 20%,Potencial municipal corrigido: soma do teto operacional de 20% dos votos nominais dos vereadores mapeados no município. Não representa previsão de votos nem apoio confirmado.
JACUÍPE,9,3371,6216,337,505,675,42.78,0.5617,0.8417,1.125,JOSE FABIO DA SILVA,FABIO ROCHEMBACK,MDB,498,50,75,100,0.1667,SEM GRUPO,JOSE FABIO DA SILVA. em JACUÍPE. recebeu 498 votos em 2024. Pela metodologia corrigida. a contribuição potencial para Davi é calculada como conversão de parte desses próprios eleitores: 50 votos no cenário conservador de 10%. 75 no cenário intermediário de 15% e 100 no teto operacional de 20%. No cenário máximo. isso representa 0.17% da meta de 60.000 votos.,86,675,Teto 20%,Potencial municipal corrigido: soma do teto operacional de 20% dos votos nominais dos vereadores mapeados no município. Não representa previsão de votos nem apoio confirmado.
JUNDIÁ,21,3331,4943,332,500,667,32.62,0.5533,0.8333,1.1117,ALDEMIR BATISTA MENDONÇA,ALDEMIR FORTUNATO,PSB,450,45,68,90,0.15,SEM GRUPO,ALDEMIR BATISTA MENDONÇA. em JUNDIÁ. recebeu 450 votos em 2024. Pela metodologia corrigida. a contribuição potencial para Davi é calculada como conversão de parte desses próprios eleitores: 45 votos no cenário conservador de 10%. 68 no cenário intermediário de 15% e 90 no teto operacional de 20%. No cenário máximo. isso representa 0.15% da meta de 60.000 votos.,87,667,Teto 20%,Potencial municipal corrigido: soma do teto operacional de 20% dos votos nominais dos vereadores mapeados no município. Não representa previsão de votos nem apoio confirmado.
CHÃ PRETA,9,3290,7014,329,493,658,43.89,0.5483,0.8217,1.0967,LARA HOLANDA PINHEIRO VILELA,LARA HOLLANDA,MDB,436,44,65,87,0.145,SEM GRUPO,LARA HOLANDA PINHEIRO VILELA. em CHÃ PRETA. recebeu 436 votos em 2024. Pela metodologia corrigida. a contribuição potencial para Davi é calculada como conversão de parte desses próprios eleitores: 44 votos no cenário conservador de 10%. 65 no cenário intermediário de 15% e 87 no teto operacional de 20%. No cenário máximo. isso representa 0.14% da meta de 60.000 votos.,88,658,Teto 20%,Potencial municipal corrigido: soma do teto operacional de 20% dos votos nominais dos vereadores mapeados no município. Não representa previsão de votos nem apoio confirmado.
JACARÉ DOS HOMENS,9,3248,5451,324,489,650,42.78,0.54,0.815,1.0833,TIAGO SILVA DE MELO,TIAGO DAS BAIXAS,MDB,471,47,71,94,0.1567,SEM GRUPO,TIAGO SILVA DE MELO. em JACARÉ DOS HOMENS. recebeu 471 votos em 2024. Pela metodologia corrigida. a contribuição potencial para Davi é calculada como conversão de parte desses próprios eleitores: 47 votos no cenário conservador de 10%. 71 no cenário intermediário de 15% e 94 no teto operacional de 20%. No cenário máximo. isso representa 0.16% da meta de 60.000 votos.,89,650,Teto 20%,Potencial municipal corrigido: soma do teto operacional de 20% dos votos nominais dos vereadores mapeados no município. Não representa previsão de votos nem apoio confirmado.
OLHO D ÁGUA GRANDE,9,3187,0,319,477,638,42.22,0.5317,0.795,1.0633,ANA CLÉIA BISPO DE ARAÚJO,ANA DO TATU,PP,608,61,91,122,0.2033,SEM GRUPO,ANA CLÉIA BISPO DE ARAÚJO. em OLHO D ÁGUA GRANDE. recebeu 608 votos em 2024. Pela metodologia corrigida. a contribuição potencial para Davi é calculada como conversão de parte desses próprios eleitores: 61 votos no cenário conservador de 10%. 91 no cenário intermediário de 15% e 122 no teto operacional de 20%. No cenário máximo. isso representa 0.20% da meta de 60.000 votos.,90,638,Teto 20%,Potencial municipal corrigido: soma do teto operacional de 20% dos votos nominais dos vereadores mapeados no município. Não representa previsão de votos nem apoio confirmado.
MARAVILHA,11,3149,8914,314,473,630,40.45,0.5233,0.7883,1.05,MURCIO RODRIGUES LEMOS LIMEIRA,MURCIO,REPUBLICANOS,483,48,72,97,0.1617,SEM GRUPO,MURCIO RODRIGUES LEMOS LIMEIRA. em MARAVILHA. recebeu 483 votos em 2024. Pela metodologia corrigida. a contribuição potencial para Davi é calculada como conversão de parte desses próprios eleitores: 48 votos no cenário conservador de 10%. 72 no cenário intermediário de 15% e 97 no teto operacional de 20%. No cenário máximo. isso representa 0.16% da meta de 60.000 votos.,91,630,Teto 20%,Potencial municipal corrigido: soma do teto operacional de 20% dos votos nominais dos vereadores mapeados no município. Não representa previsão de votos nem apoio confirmado.
ROTEIRO,9,3116,6014,311,467,623,43.33,0.5183,0.7783,1.0383,JAILSON DE ARAÚJO DA SILVA,JAILSON MURRÃO,MDB,403,40,60,81,0.135,SEM GRUPO,JAILSON DE ARAÚJO DA SILVA. em ROTEIRO. recebeu 403 votos em 2024. Pela metodologia corrigida. a contribuição potencial para Davi é calculada como conversão de parte desses próprios eleitores: 40 votos no cenário conservador de 10%. 60 no cenário intermediário de 15% e 81 no teto operacional de 20%. No cenário máximo. isso representa 0.14% da meta de 60.000 votos.,92,623,Teto 20%,Potencial municipal corrigido: soma do teto operacional de 20% dos votos nominais dos vereadores mapeados no município. Não representa previsão de votos nem apoio confirmado.
CAMPESTRE,17,3110,6291,310,466,622,34.12,0.5167,0.7767,1.0367,MARCOS MACHADO DA SILVA,MARCOS MACHADO,MDB,432,43,65,86,0.1433,SEM GRUPO,MARCOS MACHADO DA SILVA. em CAMPESTRE. recebeu 432 votos em 2024. Pela metodologia corrigida. a contribuição potencial para Davi é calculada como conversão de parte desses próprios eleitores: 43 votos no cenário conservador de 10%. 65 no cenário intermediário de 15% e 86 no teto operacional de 20%. No cenário máximo. isso representa 0.14% da meta de 60.000 votos.,93,622,Teto 20%,Potencial municipal corrigido: soma do teto operacional de 20% dos votos nominais dos vereadores mapeados no município. Não representa previsão de votos nem apoio confirmado.
MINADOR DO NEGRÃO,9,2787,5300,280,417,558,43.33,0.4667,0.695,0.93,JOSE ANTONIO DE MELO SILVINO,JOSE ANTONIO,MDB,381,38,57,76,0.1267,SEM GRUPO,JOSE ANTONIO DE MELO SILVINO. em MINADOR DO NEGRÃO. recebeu 381 votos em 2024. Pela metodologia corrigida. a contribuição potencial para Davi é calculada como conversão de parte desses próprios eleitores: 38 votos no cenário conservador de 10%. 57 no cenário intermediário de 15% e 76 no teto operacional de 20%. No cenário máximo. isso representa 0.13% da meta de 60.000 votos.,94,558,Teto 20%,Potencial municipal corrigido: soma do teto operacional de 20% dos votos nominais dos vereadores mapeados no município. Não representa previsão de votos nem apoio confirmado.
PALESTINA,9,2692,5118,268,404,539,42.78,0.4467,0.6733,0.8983,JOSÉ FRANCISCO DOS ANJOS NOGUEIRA,TICO DA VILA,MDB,407,41,61,81,0.135,SEM GRUPO,JOSÉ FRANCISCO DOS ANJOS NOGUEIRA. em PALESTINA. recebeu 407 votos em 2024. Pela metodologia corrigida. a contribuição potencial para Davi é calculada como conversão de parte desses próprios eleitores: 41 votos no cenário conservador de 10%. 61 no cenário intermediário de 15% e 81 no teto operacional de 20%. No cenário máximo. isso representa 0.14% da meta de 60.000 votos.,95,539,Teto 20%,Potencial municipal corrigido: soma do teto operacional de 20% dos votos nominais dos vereadores mapeados no município. Não representa previsão de votos nem apoio confirmado.
MAR VERMELHO,9,2682,3643,268,401,537,41.67,0.4467,0.6683,0.895,JOSÉ ROLDÃO DE SOUZA,ZÉ ROLDÃO,MDB,461,46,69,92,0.1533,SEM GRUPO,JOSÉ ROLDÃO DE SOUZA. em MAR VERMELHO. recebeu 461 votos em 2024. Pela metodologia corrigida. a contribuição potencial para Davi é calculada como conversão de parte desses próprios eleitores: 46 votos no cenário conservador de 10%. 69 no cenário intermediário de 15% e 92 no teto operacional de 20%. No cenário máximo. isso representa 0.15% da meta de 60.000 votos.,96,537,Teto 20%,Potencial municipal corrigido: soma do teto operacional de 20% dos votos nominais dos vereadores mapeados no município. Não representa previsão de votos nem apoio confirmado.
SANTA LUZIA DO NORTE,13,2678,6506,269,400,534,37.31,0.4483,0.6667,0.89,FLÁVIA CRISTINA DE OLIVEIRA,ENFERMEIRA FLÁVIA OLIVEIRA,PP,373,37,56,75,0.125,SEM GRUPO,FLÁVIA CRISTINA DE OLIVEIRA. em SANTA LUZIA DO NORTE. recebeu 373 votos em 2024. Pela metodologia corrigida. a contribuição potencial para Davi é calculada como conversão de parte desses próprios eleitores: 37 votos no cenário conservador de 10%. 56 no cenário intermediário de 15% e 75 no teto operacional de 20%. No cenário máximo. isso representa 0.12% da meta de 60.000 votos.,97,534,Teto 20%,Potencial municipal corrigido: soma do teto operacional de 20% dos votos nominais dos vereadores mapeados no município. Não representa previsão de votos nem apoio confirmado.
BELÉM,9,2473,5142,248,369,495,43.89,0.4133,0.615,0.825,SILVANA DOS SANTOS COSTA,PRETINHA,MDB,368,37,55,74,0.1233,SEM GRUPO,SILVANA DOS SANTOS COSTA. em BELÉM. recebeu 368 votos em 2024. Pela metodologia corrigida. a contribuição potencial para Davi é calculada como conversão de parte desses próprios eleitores: 37 votos no cenário conservador de 10%. 55 no cenário intermediário de 15% e 74 no teto operacional de 20%. No cenário máximo. isso representa 0.12% da meta de 60.000 votos.,98,495,Teto 20%,Potencial municipal corrigido: soma do teto operacional de 20% dos votos nominais dos vereadores mapeados no município. Não representa previsão de votos nem apoio confirmado.
MONTEIRÓPOLIS,9,2470,6489,247,371,493,44.44,0.4117,0.6183,0.8217,JOSÉ JORIO MACIEL MELO,JORIO DO GAMELEIRO,PSDB,312,31,47,62,0.1033,SEM GRUPO,JOSÉ JORIO MACIEL MELO. em MONTEIRÓPOLIS. recebeu 312 votos em 2024. Pela metodologia corrigida. a contribuição potencial para Davi é calculada como conversão de parte desses próprios eleitores: 31 votos no cenário conservador de 10%. 47 no cenário intermediário de 15% e 62 no teto operacional de 20%. No cenário máximo. isso representa 0.10% da meta de 60.000 votos.,99,493,Teto 20%,Potencial municipal corrigido: soma do teto operacional de 20% dos votos nominais dos vereadores mapeados no município. Não representa previsão de votos nem apoio confirmado.
FELIZ DESERTO,27,2144,4136,214,321,428,30.74,0.3567,0.535,0.7133,JOSAN FERREIRA LESSA,JOSAN LESSA,MDB,247,25,37,49,0.0817,SEM GRUPO,JOSAN FERREIRA LESSA. em FELIZ DESERTO. recebeu 247 votos em 2024. Pela metodologia corrigida. a contribuição potencial para Davi é calculada como conversão de parte desses próprios eleitores: 25 votos no cenário conservador de 10%. 37 no cenário intermediário de 15% e 49 no teto operacional de 20%. No cenário máximo. isso representa 0.08% da meta de 60.000 votos.,100,428,Teto 20%,Potencial municipal corrigido: soma do teto operacional de 20% dos votos nominais dos vereadores mapeados no município. Não representa previsão de votos nem apoio confirmado.
COQUEIRO SECO,21,2052,5582,204,307,411,32.86,0.34,0.5117,0.685,JHONATAN LUIZ DA SILVA,GRILO,PDT,320,32,48,64,0.1067,SEM GRUPO,JHONATAN LUIZ DA SILVA. em COQUEIRO SECO. recebeu 320 votos em 2024. Pela metodologia corrigida. a contribuição potencial para Davi é calculada como conversão de parte desses próprios eleitores: 32 votos no cenário conservador de 10%. 48 no cenário intermediário de 15% e 64 no teto operacional de 20%. No cenário máximo. isso representa 0.11% da meta de 60.000 votos.,101,411,Teto 20%,Potencial municipal corrigido: soma do teto operacional de 20% dos votos nominais dos vereadores mapeados no município. Não representa previsão de votos nem apoio confirmado.
PINDOBA,9,1958,2989,194,293,393,40.33,0.3233,0.4883,0.655,MAGNA LYBYA CARDOSO MOURA,LIBINHA CARDOSO,REPUBLICANOS,785,78,118,157,0.2617,SEM GRUPO,MAGNA LYBYA CARDOSO MOURA. em PINDOBA. recebeu 785 votos em 2024. Pela metodologia corrigida. a contribuição potencial para Davi é calculada como conversão de parte desses próprios eleitores: 78 votos no cenário conservador de 10%. 118 no cenário intermediário de 15% e 157 no teto operacional de 20%. No cenário máximo. isso representa 0.26% da meta de 60.000 votos.,102,393,Teto 20%,Potencial municipal corrigido: soma do teto operacional de 20% dos votos nominais dos vereadores mapeados no município. Não representa previsão de votos nem apoio confirmado.
