municipio,local_sem_geo,local_sem_geo_normalizado,registros_afetados,melhor_local_cache,melhor_endereco_cache,score_similaridade,status_match,latitude_sugerida,longitude_sugerida
MACEIO,ESCOLA DE ENSINO FUNDAMENTAL DR JOSE HAROLDO DA COSTA,ESCOLA DE ENSINO FUNDAMENTAL DOUTOR JOSE HAROLDO DA COSTA,594,ESCOLA DE ENSINO FUNDAMENTAL DR JOSE HAROLDO DA COSTA,"CONJ. SALVADOR LIRA, S/N",1.0,MATCH_FORTE,,
RIO LARGO,ESCOLA MUNICIPAL DR. GUSTAVO PAIVA,ESCOLA MUNICIPAL DOUTOR GUSTAVO PAIVA,528,ESCOLA MUNICIPAL DR. GUSTAVO PAIVA,"CJ BARNABE OITICICA II, SN, MATA DO ROLO",1.0,MATCH_FORTE,,
PALMEIRA DOS INDIOS,COLÉGIO ESTADUAL HUMBERTO MENDES,COLEGIO ESTADUAL HUMBERTO MENDES,486,COLEGIO ESTADUAL HUMBERTO MENDES,AV GOV MUNIZ FALCAO 701,1.0,MATCH_FORTE,,
MACEIO,ESCOLA DE ENS. FUND. NOSSO LAR I,ESCOLA DE ENSINO FUNDAMENTAL NOSSO LAR I,467,ESCOLA DE ENS. FUND. NOSSO LAR I,"RUA SAMPAIO DORIA, S/N",1.0,MATCH_FORTE,,
PENEDO,COLÉGIO ESTADUAL COMENDADOR JOSÉ DA SILVA PEIXOTO,COLEGIO ESTADUAL COMENDADOR JOSE DA SILVA PEIXOTO,431,COLEGIO ESTADUAL COMENDADOR JOSE DA SILVA PEIXOTO,"RUA CASTRO ALVES, S/N, EM FRENTE A CODEVASF",1.0,MATCH_FORTE,,
MACEIO,ESCOLA ESTADUAL ROMEU DE AVELAR,ESCOLA ESTADUAL ROMEU DE AVELAR,428,ESCOLA ESTADUAL ROMEU DE AVELAR,"RUA RACOES CARB, S/N",1.0,MATCH_FORTE,,
UNIAO DOS PALMARES,ESCOLA ESTADUAL CARLOS GOMES DE BARROS,ESCOLA ESTADUAL CARLOS GOMES DE BARROS,426,ESCOLA ESTADUAL CARLOS GOMES DE BARROS,"AV. JOAO LYRA FILHO, S/N",1.0,MATCH_FORTE,,
MACEIO,ESCOLA ESTADUAL AURELINA PALMEIRA DE MELO,ESCOLA ESTADUAL AURELINA PALMEIRA DE MELO,422,ESCOLA ESTADUAL AURELINA PALMEIRA DE MELO,"PRACA PADRE CICERO, S/N",1.0,MATCH_FORTE,,
MACEIO,ESCOLA ESTADUAL PROFª. ROSALVA PEREIRA VIANA,ESCOLA ESTADUAL PROF ROSALVA PEREIRA VIANA,410,ESCOLA ESTADUAL PROFa. ROSALVA PEREIRA VIANA,"LOT. POR DO SOL, QD D, S/N, MOCAMBO",0.9333,MATCH_PROVAVEL,,
ARAPIRACA,ESCOLA DE ENSINO FUNDAMENTAL CLAUDECY BISPO DOS SANTOS,ESCOLA DE ENSINO FUNDAMENTAL CLAUDECY BISPO DOS SANTOS,399,ESCOLA DE ENSINO FUNDAMENTAL CLAUDECY BISPO DOS SANTOS,RUA JOSE C. DE FARIAS,1.0,MATCH_FORTE,,
ARAPIRACA,ESCOLA DE 1 GRAU MANOEL ANDRÉ,ESCOLA DE 1 GRAU MANOEL ANDRE,395,ESCOLA DE 1 GRAU MANOEL ANDRE,AV. JOSE LUCIO DA SILVA S/N,1.0,MATCH_FORTE,,
MACEIO,E.E. ALFREDO GASPAR DE MENDONCA,ESCOLA ESTADUAL ALFREDO GASPAR DE MENDONCA,386,E.E. ALFREDO GASPAR DE MENDONCA,"CONJ. EUSTAQUIO GOMES DE MELO, S/N",1.0,MATCH_FORTE,,
MACEIO,E.E. GERALDO MELO DOS SANTOS,ESCOLA ESTADUAL GERALDO MELO DOS SANTOS,385,E.E. GERALDO MELO DOS SANTOS,"RUA 61, QD C-6, CJ. GRACILIANO RAMOS",1.0,MATCH_FORTE,,
MACEIO,ESC. EST. MIRAN MARROQUIM,ESCOLA ESTADUAL MIRAN MARROQUIM,381,ESC. EST. MIRAN MARROQUIM,"RUA DA LIBERDADE, S/N - PIABAS",1.0,MATCH_FORTE,,
RIO LARGO,COMPLEXO ESTADUAL PROFA CLAUDIZETE LIMA ELEUTERIO,COMPLEXO ESTADUAL PROFESSORA CLAUDIZETE LIMA ELEUTERIO,370,COMPLEXO ESTADUAL PROFA CLAUDIZETE LIMA ELEUTERIO,"CONJ GURIATA, S/N",1.0,MATCH_FORTE,,
ARAPIRACA,GRUPO ESCOLAR JOÃO BATISTA PEREIRA,GRUPO ESCOLAR JOAO BATISTA PEREIRA,362,GRUPO ESCOLAR JOAO BATISTA PEREIRA,COHAB NOVA S/N,1.0,MATCH_FORTE,,
ARAPIRACA,ESCOLA DE ENSINO FUNDAMENTAL MANOEL HUMBERTO DA COSTA,ESCOLA DE ENSINO FUNDAMENTAL MANOEL HUMBERTO DA COSTA,360,ESCOLA DE ENSINO FUNDAMENTAL MANOEL HUMBERTO DA COSTA,SITIO BATINGAS,1.0,MATCH_FORTE,,
MACEIO,E.M. JAYME DE ALTAVILLA,ESCOLA MUNICIPAL JAYME DE ALTAVILLA,359,E.M. JAYME DE ALTAVILLA,"RUA DILERMANO REIS, S/N, LOT SANTA LUCIA",1.0,MATCH_FORTE,,
ARAPIRACA,ESCOLA DE 1 GRAU PARQUE LIONS,ESCOLA DE 1 GRAU PARQUE LIONS,357,ESCOLA DE 1 GRAU PARQUE LIONS,RUA GOV. AFRANIO LAGES S/N,1.0,MATCH_FORTE,,
MACEIO,ESCOLA ESTADUAL PROFª. MARIA SALETE GUSMAO DE ARAUJO,ESCOLA ESTADUAL PROF MARIA SALETE GUSMAO DE ARAUJO,353,ESCOLA ESTADUAL PROFa. MARIA SALETE GUSMAO DE ARAUJO,"CJ. OSMAN LOUREIRO, QD A",0.9434,MATCH_PROVAVEL,,
ARAPIRACA,ESCOLA JOÃO SATURNINO DE ALMEIDA,ESCOLA JOAO SATURNINO DE ALMEIDA,342,ESCOLA JOAO SATURNINO DE ALMEIDA,AV. JOAO SATURNINO S/N,1.0,MATCH_FORTE,,
ARAPIRACA,ESCOLA DE 1 GRAU FERNANDO COLLOR DE MELLO,ESCOLA DE 1 GRAU FERNANDO COLLOR DE MELLO,329,ESCOLA DE 1 GRAU FERNANDO COLLOR DE MELLO,POVOADO CANAA S/N,1.0,MATCH_FORTE,,
MACEIO,E.M. PROFESSOR CORINTHO DA PAZ,ESCOLA MUNICIPAL PROFESSOR CORINTHO DA PAZ,328,E.M. PROFESSOR CORINTHO DA PAZ,"RUA 5-A, S/N - CJ. EUSTAQUIO GOMES DE MELO",1.0,MATCH_FORTE,,
ARAPIRACA,ESCOLA DE ENSINO FUNDAMENTAL ENÉAS BENEDITO DOS SANTOS,ESCOLA DE ENSINO FUNDAMENTAL ENEAS BENEDITO DOS SANTOS,323,ESCOLA DE ENSINO FUNDAMENTAL ENEAS BENEDITO DOS SANTOS,POVOADO CANGANDU S/N,1.0,MATCH_FORTE,,
MACEIO,ESC. EST. PROF. THEOTÔNIO VILELA BRANDÃO,ESCOLA ESTADUAL PROFESSOR THEOTONIO VILELA BRANDAO,319,ESC. EST. PROF. THEOTONIO VILELA BRANDAO,"RUA ADAUTO GOMES BARBOSA, SN - SANTO EDUARDO",1.0,MATCH_FORTE,,
ARAPIRACA,ESCOLA DE ENSINO FUNDAMENTAL ZÉLIA BARBOSA ROCHA,ESCOLA DE ENSINO FUNDAMENTAL ZELIA BARBOSA ROCHA,314,ESCOLA DE ENSINO FUNDAMENTAL ZELIA BARBOSA ROCHA,RUA DJALMA M. SANTANA,1.0,MATCH_FORTE,,
SAO MIGUEL DOS CAMPOS,COLEGIO MUNICIPAL LUZINETE E LINDALVA JATOBA,COLEGIO MUNICIPAL LUZINETE E LINDALVA JATOBA,313,COLEGIO MUNICIPAL LUZINETE E LINDALVA JATOBA,"AV. SAMPAIO MARQUES, S/N",1.0,MATCH_FORTE,,
MACEIO,ESCOLA ESTADUAL PROFª. IRENE GARRIDO,ESCOLA ESTADUAL PROF IRENE GARRIDO,308,ESCOLA ESTADUAL PROFa. IRENE GARRIDO,"RUA G, QD 3, S/N, CONJ. DUBEAUX LEAO",0.9189,MATCH_PROVAVEL,,
MACEIO,COLÉGIO INTENSIVO,COLEGIO INTENSIVO,308,COLEGIO INTENSIVO,"LARGO DA VITORIA, 215",1.0,MATCH_FORTE,,
MACEIO,COLÉGIO EDSON MONTEIRO,COLEGIO EDSON MONTEIRO,308,COLEGIO EDSON MONTEIRO,"RUA ANDRE PAPINE GOES, 177, LOTEAMENTO ACAUA",1.0,MATCH_FORTE,,
RIO LARGO,ESCOLA ESTADUAL SANTOS DUMONT,ESCOLA ESTADUAL SANTOS DUMONT,301,ESCOLA ESTADUAL SANTOS DUMONT,BR 104 - DESTACAMENTO DA FAB - VILA MILITAR,1.0,MATCH_FORTE,,
ARAPIRACA,ESCOLA DE ENSINO FUNDAMENTAL CLEONICE BARBOSA DE ALMEIDA,ESCOLA DE ENSINO FUNDAMENTAL CLEONICE BARBOSA DE ALMEIDA,301,ESCOLA DE ENSINO FUNDAMENTAL CLEONICE BARBOSA DE ALMEIDA,CONJUNTO BRISA DO LAGO - OLHO DAGUA DOS CAZUZINHO,1.0,MATCH_FORTE,,
MACEIO,ESCOLA EST. DR. EDSON BERNARDES,ESCOLA ESTADUAL DOUTOR EDSON BERNARDES,300,ESCOLA EST. DR. EDSON BERNARDES,"CONJ. JOAQUIM LEAO, S/N",1.0,MATCH_FORTE,,
MACEIO,COLÉGIO ZUMBI DOS PALMARES,COLEGIO ZUMBI DOS PALMARES,299,COLEGIO ZUMBI DOS PALMARES,"CJ ROSANE COLLOR, QD M, S/N",1.0,MATCH_FORTE,,
MACEIO,ESC. MUN. PROF. LENILTO ALVES SANTOS,ESCOLA MUNICIPAL PROFESSOR LENILTO ALVES SANTOS,289,ESC. MUN. PROF. LENILTO ALVES SANTOS,"RUA ENFERMEIRO MARIANO - COHAB, S/N",1.0,MATCH_FORTE,,
MACEIO,E.E. DEPUTADO RUBENS CANUTO,ESCOLA ESTADUAL DEPUTADO RUBENS CANUTO,287,E.E. DEPUTADO RUBENS CANUTO,"AV. GURGURI , S/N",1.0,MATCH_FORTE,,
RIO LARGO,ESCOLA DE ENSINO FUND DR GASTAO OITICICA,ESCOLA DE ENSINO FUNDAMENTAL DOUTOR GASTAO OITICICA,282,ESCOLA DE ENSINO FUND DR GASTAO OITICICA,AV JULIO CALHEIROS S/N,1.0,MATCH_FORTE,,
ARAPIRACA,ESCOLA DE ENSINO FUNDAMENTAL LOJA MAÇONICA,ESCOLA DE ENSINO FUNDAMENTAL LOJA MACONICA,281,ESCOLA DE ENSINO FUNDAMENTAL LOJA MACONICA,RUA JOSE CLOVIS R. DE BARROS,1.0,MATCH_FORTE,,
ARAPIRACA,GRUPO ESCOLAR PEDRO CORREIA DAS GRAÇAS,GRUPO ESCOLAR PEDRO CORREIA DAS GRACAS,279,GRUPO ESCOLAR PEDRO CORREIA DAS GRACAS,RUA VICENTE NUNES S/N,1.0,MATCH_FORTE,,
MACEIO,ESC. MUN. ARNON AFFONSO FARIAS DE MELLO,ESCOLA MUNICIPAL ARNON AFFONSO FARIAS DE MELLO,275,ESC. MUN. ARNON AFFONSO FARIAS DE MELLO,"CONJ. JOSE DA SILVA PEIXOTO, S/N",1.0,MATCH_FORTE,,
MACEIO,COLÉGIO MARIA MONTESSORI,COLEGIO MARIA MONTESSORI,274,COLEGIO MARIA MONTESSORI,RUA PAPA JOAO PAULO 30,1.0,MATCH_FORTE,,
CORURIPE,ESCOLA ESTADUAL LIMA CASTRO,ESCOLA ESTADUAL LIMA CASTRO,273,ESCOLA ESTADUAL LIMA CASTRO,"AVENIDA WASHINTON LUIZ, ANTIGA AV CAMACARI",1.0,MATCH_FORTE,,
MACEIO,COLÉGIO SANTÍSSIMO SENHOR,COLEGIO SANTISSIMO SENHOR,271,COLEGIO SANTISSIMO SENHOR,"LOTEAMENTO BRISA DA SERRARIA, 302 - CONJ. JOSE TENORIO",1.0,MATCH_FORTE,,
MACEIO,ESC. EST. PROF. EDUARDO DA MOTA TRIGUEIROS,ESCOLA ESTADUAL PROFESSOR EDUARDO DA MOTA TRIGUEIROS,270,ESC. EST. PROF. EDUARDO DA MOTA TRIGUEIROS,"RUA ADAUTO GOMES BARBOSA, S/N - SANTO EDUARDO",1.0,MATCH_FORTE,,
UNIAO DOS PALMARES,ESCOLA MUNICIPAL JOÃO COSTA DE OLIVEIRA,ESCOLA MUNICIPAL JOAO COSTA DE OLIVEIRA,267,ESCOLA MUNICIPAL JOAO COSTA DE OLIVEIRA,"QUADRA P1, S/N",1.0,MATCH_FORTE,,
ARAPIRACA,ESCOLA PROFESSOR LUIZ ALBERTO DE MELO,ESCOLA PROFESSOR LUIZ ALBERTO DE MELO,264,ESCOLA PROFESSOR LUIZ ALBERTO DE MELO,POVOADO PAU D ARCO S/N,1.0,MATCH_FORTE,,
ARAPIRACA,GRUPO ESCOLAR DOMINGOS LOPES,GRUPO ESCOLAR DOMINGOS LOPES,260,GRUPO ESCOLAR DOMINGOS LOPES,RUA VEREADOR DOMINGOS LOPES S/N,1.0,MATCH_FORTE,,
MACEIO,ESCOLA ESTADUAL PROFESSOR PEDRO TEIXEIRA,ESCOLA ESTADUAL PROFESSOR PEDRO TEIXEIRA,259,ESCOLA ESTADUAL PROFESSOR PEDRO TEIXEIRA,"RUA PAU DARCO, S/N",1.0,MATCH_FORTE,,
MACEIO,ESC. MUN. PROFª EULINA RIBEIRO ALENCAR,ESCOLA MUNICIPAL PROF EULINA RIBEIRO ALENCAR,259,ESC. MUN. PROFa EULINA RIBEIRO ALENCAR,"RUA COARACI FONSECA, 01",0.9362,MATCH_PROVAVEL,,
MACEIO,E.E. JORNALISTA LAFAIETTE BELO,ESCOLA ESTADUAL JORNALISTA LAFAIETTE BELO,259,E.E. JORNALISTA LAFAIETTE BELO,"PARQUE RESIDENCIAL BENEDITO BENTES I, S/N",1.0,MATCH_FORTE,,
ARAPIRACA,GRUPO ESCOLAR JOSE PEREIRA LÚCIO,GRUPO ESCOLAR JOSE PEREIRA LUCIO,252,GRUPO ESCOLAR JOSE PEREIRA LUCIO,POVOADO BANANEIRAS S/N,1.0,MATCH_FORTE,,
MACEIO,ESCOLA MONTEIRO LOBATO,ESCOLA MONTEIRO LOBATO,250,ESCOLA MONTEIRO LOBATO,"RUA DO IPE ROXO, 291",1.0,MATCH_FORTE,,
CORURIPE,ESCOLA ESTADUAL DJALMA BARROS SIQUEIRA,ESCOLA ESTADUAL DJALMA BARROS SIQUEIRA,249,ESCOLA ESTADUAL DJALMA BARROS SIQUEIRA,"RUA PERNAMBUCO NOVO, S/N",1.0,MATCH_FORTE,,
MACEIO,ESCOLA DE ENSINO FUNDAMENTAL PROF. DONIZETTI CALHEIROS,ESCOLA DE ENSINO FUNDAMENTAL PROFESSOR DONIZETTI CALHEIROS,249,ESCOLA DE ENSINO FUNDAMENTAL PROF. DONIZETTI CALHEIROS,"AV. UBERABA, S/N",1.0,MATCH_FORTE,,
MACEIO,ESC. MUN. ANTÔNIO SEMEÃO LAMENHA LINS,ESCOLA MUNICIPAL ANTONIO SEMEAO LAMENHA LINS,247,ESC. MUN. ANTONIO SEMEAO LAMENHA LINS,"RUA MAJOR JOAQUIM CALHEIROS, S/N",1.0,MATCH_FORTE,,
MACEIO,E.M. PROF. AURÉLIO BUARQUE DE HOLANDA FERREIRA,ESCOLA MUNICIPAL PROFESSOR AURELIO BUARQUE DE HOLANDA FERREIRA,246,E.M. PROF. AURELIO BUARQUE DE HOLANDA FERREIRA,"RUA F, S/N, CONJUNTO FREITAS NETO",1.0,MATCH_FORTE,,
MACEIO,ESC. EST. MANOEL SIMPLICIO DO NASCIMENTO,ESCOLA ESTADUAL MANOEL SIMPLICIO DO NASCIMENTO,244,ESC. EST. MANOEL SIMPLICIO DO NASCIMENTO,"RUA DIVISORIA FEICAO, S/N",1.0,MATCH_FORTE,,
RIO LARGO,ESCOLA DE EDUCAÇÃO BÁSICA AGNUS DEI,ESCOLA DE EDUCACAO BASICA AGNUS DEI,243,ESCOLA DE EDUCACAO BASICA AGNUS DEI,"AV. PRESIDENTE FERNANDO A. COLLO DE MELO,96, ANTONIO LINS DE SOUZA",1.0,MATCH_FORTE,,
MACEIO,E.M. MARIA CARMELITA CARDOSO GAMA (CAIC-UFAL),ESCOLA MUNICIPAL MARIA CARMELITA CARDOSO GAMA CAIC UFAL,241,E.M. MARIA CARMELITA CARDOSO GAMA (CAIC-UFAL),"BR 104, 1099 KM 14 - CAMPUS A.C.SIMOES",1.0,MATCH_FORTE,,
RIO LARGO,ESCOLA MUNICIPAL TERESA CRISTINA LINS DE SOUZA COSTA,ESCOLA MUNICIPAL TERESA CRISTINA LINS DE SOUZA COSTA,240,ESCOLA MUNICIPAL TERESA CRISTINA LINS DE SOUZA COSTA,"CJ RES. FRANCISCO TAVARES GRANJA, S/N",1.0,MATCH_FORTE,,
MACEIO,ESC. MUN. DR. BALTAZAR DE MENDONÇA,ESCOLA MUNICIPAL DOUTOR BALTAZAR DE MENDONCA,239,ESC. MUN. DR. BALTAZAR DE MENDONCA,"RUA DIVISORIA FEICAO, S/N",1.0,MATCH_FORTE,,
PENEDO,COLÉGIO DIOCESANO DE PENEDO,COLEGIO DIOCESANO DE PENEDO,238,COLEGIO DIOCESANO DE PENEDO,"PCA. LARGO DE FATIMA, PX. A 9A. COORDENADORIA DE ENSINO DE ALAGOAS",1.0,MATCH_FORTE,,
RIO LARGO,ESCOLA MUNICIPAL DE EDUCAÇÃO BASICA INDUSTRIAL LUIGI BAUDUCCO,ESCOLA MUNICIPAL DE EDUCACAO BASICA INDUSTRIAL LUIGI BAUDUCCO,236,ESCOLA MUNICIPAL DE EDUCACAO BASICA INDUSTRIAL LUIGI BAUDUCCO,"AVENIDA PASTOR JOSUE LINS CONJUNTO CRUZEIRO DO SUL, C RESIDENCIAL",1.0,MATCH_FORTE,,
PENEDO,ESCOLA MUNICIPAL VEREADOR MANOEL SOARES DE MELO,ESCOLA MUNICIPAL VEREADOR MANOEL SOARES DE MELO,236,ESCOLA MUNICIPAL VEREADOR MANOEL SOARES DE MELO,"RUA FLORIANO ROSA, S/N, PX. AO POSTO DE SAUDE, CONJUNTO VILA MATIAS",1.0,MATCH_FORTE,,
PALMEIRA DOS INDIOS,FACULDADE CESMAC DO SERTÃO,FACULDADE CESMAC DO SERTAO,234,FACULDADE CESMAC DO SERTAO,"RUA BRAULIO MONTENEGRO, S/N, VILA MARIA",1.0,MATCH_FORTE,,
MACEIO,E.E. PROFA. GILVANA ATAÍDE CAVALCANTE CABRAL,ESCOLA ESTADUAL PROFESSORA GILVANA ATAIDE CAVALCANTE CABRAL,234,E.E. PROFA. GILVANA ATAIDE CAVALCANTE CABRAL,"RUA ELINELMA DE OLIVEIRA SANTOS, S/N",1.0,MATCH_FORTE,,
SAO MIGUEL DOS CAMPOS,ESCOLA MUNICIPAL PROFESSORA INEIDE NOGUEIRA ROCHA,ESCOLA MUNICIPAL PROFESSORA INEIDE NOGUEIRA ROCHA,231,ESCOLA MUNICIPAL PROFESSORA INEIDE NOGUEIRA ROCHA,"RUA ALICIA VITORIA URBANO DE OLIVEIRA LOPES, QUADRA O1, S/N",1.0,MATCH_FORTE,,
RIO LARGO,ESCOLA DE ENSINO FUNDAMENTAL MARIETA LEÃO,ESCOLA DE ENSINO FUNDAMENTAL MARIETA LEAO,229,ESCOLA DE ENSINO FUNDAMENTAL MARIETA LEAO,PATIO DA REDE FERROVIARIA S/N,1.0,MATCH_FORTE,,
PENEDO,ESCOLA ESTADUAL PROFESSOR ERNANI MÉRO (GRUPO ESCOLAR EXPERIMENTAL),ESCOLA ESTADUAL PROFESSOR ERNANI MERO GRUPO ESCOLAR EXPERIMENTAL,227,ESCOLA ESTADUAL PROFESSOR ERNANI MERO (GRUPO ESCOLAR EXPERIMENTAL),"PRACA LARGO DE FATIMA, S/N, EM FRENTE AO NUDEPE",1.0,MATCH_FORTE,,
MACEIO,ESC. MUN. DR. ORLANDO ARAÚJO,ESCOLA MUNICIPAL DOUTOR ORLANDO ARAUJO,226,ESC. MUN. DR. ORLANDO ARAUJO,"RUA DR. JOSE SAMPAIO LUZ, S/N",1.0,MATCH_FORTE,,
SAO MIGUEL DOS CAMPOS,ESCOLA MUNICIPAL MARIO SOARES PALMEIRA,ESCOLA MUNICIPAL MARIO SOARES PALMEIRA,225,ESCOLA MUNICIPAL MARIO SOARES PALMEIRA,"RUA VISCONDE DE SINIMBU, 32",1.0,MATCH_FORTE,,
RIO LARGO,ESCOLA DE ENSINO FUND PROF ROSINEIDE TEREZA MARTINS DA CONCEIÇÃO,ESCOLA DE ENSINO FUNDAMENTAL PROFESSOR ROSINEIDE TEREZA MARTINS DA CONCEICAO,223,ESCOLA DE ENSINO FUND PROF ROSINEIDE TEREZA MARTINS DA CONCEICAO,EUCLIDES AFONSO DE MELO S/N,1.0,MATCH_FORTE,,
RIO LARGO,GRUPO ESCOLAR MANOEL SOARES DE SOUZA,GRUPO ESCOLAR MANOEL SOARES DE SOUZA,218,GRUPO ESCOLAR MANOEL SOARES DE SOUZA,VILA RAUL S/N,1.0,MATCH_FORTE,,
MACEIO,ESC. MUN. RADIALISTA EDÉCIO LOPES (ANTIGO COL. LAERSON ROSA),ESCOLA MUNICIPAL RADIALISTA EDECIO LOPES ANTIGO COLEGIO LAERSON ROSA,212,ESC. MUN. RADIALISTA EDECIO LOPES (ANTIGO COL. LAERSON ROSA),"RUA ALAMEDA CELIA DOS ANJOS, 06",1.0,MATCH_FORTE,,
MACEIO,CENTRO DE ENSINO SANTA JULIANA,CENTRO DE ENSINO SANTA JULIANA,212,CENTRO DE ENSINO SANTA JULIANA,"AV DURVAL DE GOES MONTEIRO, 2345, C67P, CM",1.0,MATCH_FORTE,,
ARAPIRACA,GRUPO ESCOLAR ANTÔNIO CEZÁRIO DE OLIVEIRA,GRUPO ESCOLAR ANTONIO CEZARIO DE OLIVEIRA,212,GRUPO ESCOLAR ANTONIO CEZARIO DE OLIVEIRA,VILA SAO JOSE S/N,1.0,MATCH_FORTE,,
RIO LARGO,ESCOLA MUNICIPAL DE ENSINO F. PROFESSOR JOSÉ EDMILSON,ESCOLA MUNICIPAL DE ENSINO F PROFESSOR JOSE EDMILSON,211,ESCOLA MUNICIPAL DE ENSINO F. PROFESSOR JOSE EDMILSON,"COJ NAPOLEAO VIANA,S/N, BAR NOSSO, PREF ANTONIO LINS DE SOUZA",1.0,MATCH_FORTE,,
MACEIO,E.M. TRADUTOR JOÃO SAMPAIO,ESCOLA MUNICIPAL TRADUTOR JOAO SAMPAIO,209,E.M. TRADUTOR JOAO SAMPAIO,"PRACA CENTRAL, S/N, CONJ. JOAO SAMPAIO I",1.0,MATCH_FORTE,,
MACEIO,ESCOLA MUN. SÉRGIO LUIZ PESSOA BRAGA,ESCOLA MUNICIPAL SERGIO LUIZ PESSOA BRAGA,205,ESCOLA MUN. SERGIO LUIZ PESSOA BRAGA,"PRACA GOVERNADOR LAMENHA FILHO, S/N",1.0,MATCH_FORTE,,
MACEIO,COLÉGIO SAGRADA FAMILIA,COLEGIO SAGRADA FAMILIA,203,COLEGIO SAGRADA FAMILIA,"RUA ALAMEDA MARIA DAS GRACAS NOVAES BRANDAO VILELA, 07",1.0,MATCH_FORTE,,
ARAPIRACA,ANEXO ESCOLA JAYME DE ALTAVILLA,ANEXO ESCOLA JAYME DE ALTAVILLA,203,ANEXO ESCOLA JAYME DE ALTAVILLA,AV. MIGUEL CORREIA S/N,1.0,MATCH_FORTE,,
CORURIPE,ESCOLA MUN. EDUC. BÁSICA PROF. MARIA ROCHA SANTOS SILVA,ESCOLA MUNICIPAL EDUC BASICA PROFESSOR MARIA ROCHA SANTOS SILVA,198,ESCOLA MUN. EDUC. BASICA PROF. MARIA ROCHA SANTOS SILVA,"TRAVESSA FLAMENGO, 182, QUADRA S",1.0,MATCH_FORTE,,
ARAPIRACA,ESCOLA LINDAUVA EULÁLIA DE FARIAS,ESCOLA LINDAUVA EULALIA DE FARIAS,197,ESCOLA LINDAUVA EULALIA DE FARIAS,POVOADO BAIXA GRANDE DE DENTRO,1.0,MATCH_FORTE,,
ARAPIRACA,ESCOLA DE ENSINO FUNDAMENTAL VOLUNTÁRIA MARIA DAS NEVES BORGES,ESCOLA DE ENSINO FUNDAMENTAL VOLUNTARIA MARIA DAS NEVES BORGES,196,ESCOLA DE ENSINO FUNDAMENTAL VOLUNTARIA MARIA DAS NEVES BORGES,"RUA SINESIO FERREIRA LIMA, N 383, OURO PRETO",1.0,MATCH_FORTE,,
MACEIO,ESC. DE ENS. FUND. PROF. ALMEIDA LEITE,ESCOLA DE ENSINO FUNDAMENTAL PROFESSOR ALMEIDA LEITE,194,ESC. DE ENS. FUND. PROF. ALMEIDA LEITE,"RUA DR. VIRGILIO GUEDES, S/N",1.0,MATCH_FORTE,,
MACEIO,ESCOLA MUNICIPAL PROFESSORA JAREDE VIANA DE OLIVEIRA,ESCOLA MUNICIPAL PROFESSORA JAREDE VIANA DE OLIVEIRA,194,ESCOLA MUNICIPAL PROFESSORA JAREDE VIANA DE OLIVEIRA,"RUA SAO JOSE, S/N, AO LADO DA ESCOLA MUNICIPAL TOBIAS GRANJA",1.0,MATCH_FORTE,,
MACEIO,SEST/SENAT,SEST SENAT,193,SEST/SENAT,"AV. DEP. CESAR ESUSTAQUIO MALTA, 500",1.0,MATCH_FORTE,,
MACEIO,COLÉGIO SANTA AMÉLIA,COLEGIO SANTA AMELIA,193,COLEGIO SANTA AMELIA,"RUA D, 11 LOTEAMENTO SANTA AMELIA",1.0,MATCH_FORTE,,
MACEIO,ESCOLA DE ENSINO FUNDAMENTAL CLETO MARQUES LUZ,ESCOLA DE ENSINO FUNDAMENTAL CLETO MARQUES LUZ,190,ESCOLA DE ENSINO FUNDAMENTAL CLETO MARQUES LUZ,"RUA P, LOT COLINA DOS EUCALIPTOS",1.0,MATCH_FORTE,,
MACEIO,E.M. PROFA. HÉVIA VALÉRIA MAIA AMORIM,ESCOLA MUNICIPAL PROFESSORA HEVIA VALERIA MAIA AMORIM,189,E.M. PROFA. HEVIA VALERIA MAIA AMORIM,"AV JOSE AILTON DOS SANTOS, S/N, VILAGE CAMPESTRE I",1.0,MATCH_FORTE,,
MACEIO,E.M. MARIA DE LOURDES DE MELO PIMENTEL,ESCOLA MUNICIPAL MARIA DE LOURDES DE MELO PIMENTEL,189,E.M. MARIA DE LOURDES DE MELO PIMENTEL,"RUA PADRE CICERO, 05, VILAGE CAMPESTE II",1.0,MATCH_FORTE,,
CORURIPE,ESCOLA MUN. CENT. EDUCAÇÃO INFANTIL PROF. MARIA ZENAIDE ROCHA SANTOS,ESCOLA MUNICIPAL CENT EDUCACAO INFANTIL PROFESSOR MARIA ZENAIDE ROCHA SANTOS,188,ESCOLA MUN. CENT. EDUCACAO INFANTIL PROF. MARIA ZENAIDE ROCHA SANTOS,"RUA PERNAMBUCO NOVO, S/N,",1.0,MATCH_FORTE,,
MACEIO,ESC. MUN. JOÃO XXIII,ESCOLA MUNICIPAL JOAO XXIII,188,ESC. MUN. JOAO XXIII,"RUA DR.JOSE JOAQUIM DE ARAUJO, S/N",1.0,MATCH_FORTE,,
CORURIPE,ESCOLA MUNICIPAL SANTA SOFIA,ESCOLA MUNICIPAL SANTA SOFIA,188,ESCOLA MUNICIPAL SANTA SOFIA,RUA DA CAIXA DAGUA - POVOADO BOTAFOGO,1.0,MATCH_FORTE,,
RIO LARGO,ANTIGA ESCOLA FRANCISCO LEÃO DO CENTRO,ANTIGA ESCOLA FRANCISCO LEAO DO CENTRO,187,ANTIGA ESCOLA FRANCISCO LEAO DO CENTRO,"PRACA TEIZEIRA BARROS., SN",1.0,MATCH_FORTE,,
MACEIO,ESCOLA MUN. SILVESTRE PÉRICLES,ESCOLA MUNICIPAL SILVESTRE PERICLES,184,ESCOLA MUN. SILVESTRE PERICLES,PRACA DR CAIO DE AGUIAR PORTO S/N - PONTAL DA BARRA,1.0,MATCH_FORTE,,
DELMIRO GOUVEIA,"VIRGILIA BEZERRA,ESCOLA DE 1 E 2 GRAUS PROFESSORA",VIRGILIA BEZERRA ESCOLA DE 1 E 2 GRAUS PROFESSORA,177,"VIRGILIA BEZERRA,ESCOLA DE 1 E 2 GRAUS PROFESSORA",AV MASCARENHAS DE MORAIS S/N,1.0,MATCH_FORTE,,
PENEDO,COOPERATIVA EDUCACIONAL DE PENEDO - COOPEPE LTDA,COOPERATIVA EDUCACIONAL DE PENEDO COOPEPE LTDA,175,COOPERATIVA EDUCACIONAL DE PENEDO - COOPEPE LTDA,"PARQUE DR. ADAIL FREIRE PEREIRA, 127 (PRACA SANTA LUZIA)",1.0,MATCH_FORTE,,
MACEIO,COLEGIO ATHENEU,COLEGIO ATHENEU,172,COLEGIO ATHENEU,"ESTRADA DA CODEAL, 33",1.0,MATCH_FORTE,,
ARAPIRACA,ESCOLAR ANA BERNARDES SILVEIRA,ESCOLAR ANA BERNARDES SILVEIRA,171,ESCOLAR ANA BERNARDES SILVEIRA,SERRA DOS FERREIRA S/N,1.0,MATCH_FORTE,,
CORURIPE,ESCOLA ESTADUAL DEPUTADO JOÃO BELTRÃO,ESCOLA ESTADUAL DEPUTADO JOAO BELTRAO,171,ESCOLA ESTADUAL DEPUTADO JOAO BELTRAO,"AV. ANFRISIO DE CASTRO LESSA SANTOS, 506",1.0,MATCH_FORTE,,
MACEIO,ESCOLA ESTADUAL TAVARES BASTOS,ESCOLA ESTADUAL TAVARES BASTOS,169,ESCOLA ESTADUAL TAVARES BASTOS,"PRACA CENTENARIO, S/N",1.0,MATCH_FORTE,,
MARECHAL DEODORO,ESCOLA MUNICIPAL ALTINA RIBEIRO TOLEDO,ESCOLA MUNICIPAL ALTINA RIBEIRO TOLEDO,168,ESCOLA MUNICIPAL ALTINA RIBEIRO TOLEDO,VILA ALTINA SN,1.0,MATCH_FORTE,,
MACEIO,ESCOLA ESTADUAL DR. JÚLIO AUTO,ESCOLA ESTADUAL DOUTOR JULIO AUTO,168,ESCOLA ESTADUAL DR. JULIO AUTO,"CONJUNTO JOAQUIM LEAO, S/N",1.0,MATCH_FORTE,,
RIO LARGO,ESCOLA PREFEITO WALTER DORIA DE FIGUEIREDO,ESCOLA PREFEITO WALTER DORIA DE FIGUEIREDO,166,ESCOLA PREFEITO WALTER DORIA DE FIGUEIREDO,"CJ MARIO MAFRA, QUADRA D-04",1.0,MATCH_FORTE,,
MARECHAL DEODORO,ESCOLA ESTADUAL JOSÉ CORREIA DA SILVA TITARA,ESCOLA ESTADUAL JOSE CORREIA DA SILVA TITARA,165,ESCOLA ESTADUAL JOSE CORREIA DA SILVA TITARA,LOT BOSQUE DA MASSAGUEIRA N 3A,1.0,MATCH_FORTE,,
MACEIO,E.E. MANUEL BALTAZAR P. DIEGUES JUNIOR,ESCOLA ESTADUAL MANUEL BALTAZAR P DIEGUES JUNIOR,164,E.E. MANUEL BALTAZAR P. DIEGUES JUNIOR,"CONJUNTO SANTA MARIA, S/N - RUA D QD 8",1.0,MATCH_FORTE,,
RIO LARGO,ESCOLA ESTADUAL TABULEIRO DO PINTO,ESCOLA ESTADUAL TABULEIRO DO PINTO,162,ESCOLA ESTADUAL TABULEIRO DO PINTO,RUA DA CAIXA SN,1.0,MATCH_FORTE,,
RIO LARGO,CRECHE MUNICIPAL CELYRIO ADAMASTOR BARRETO ACIOLY,CRECHE MUNICIPAL CELYRIO ADAMASTOR BARRETO ACIOLY,161,CRECHE MUNICIPAL CELYRIO ADAMASTOR BARRETO ACIOLY,"ROD AL 210, CJ EDSON NOVAES S/N",1.0,MATCH_FORTE,,
MACEIO,E.M. GASTONE LÚCIA DE CARVALHO BELTRÃO,ESCOLA MUNICIPAL GASTONE LUCIA DE CARVALHO BELTRAO,159,E.M. GASTONE LUCIA DE CARVALHO BELTRAO,"CONJ. JARDIM ROYAL - MODULO II - QD Q, S/N",1.0,MATCH_FORTE,,
MACEIO,COLÉGIO BRASIL (ANTIGO ISAAC NEWTON),COLEGIO BRASIL ANTIGO ISAAC NEWTON,159,COLEGIO BRASIL (ANTIGO ISAAC NEWTON),"RUA FERNANDO MENDES PINTO, N 11",1.0,MATCH_FORTE,,
MACEIO,EDIFÍCIO DO SENAC,EDIFICIO DO SENAC,158,EDIFICIO DO SENAC,"AV. PEDRO PAULINO, 77",1.0,MATCH_FORTE,,
SAO MIGUEL DOS CAMPOS,ESCOLA MUNICIPAL DIONISIA APRATTO TENORIO,ESCOLA MUNICIPAL DIONISIA APRATTO TENORIO,156,ESCOLA MUNICIPAL DIONISIA APRATTO TENORIO,"AV. PREFEITO PEDRO FERNANDES, S/N",1.0,MATCH_FORTE,,
RIO LARGO,GRUPO ESCOLAR DALMARIO DE SOUZA,GRUPO ESCOLAR DALMARIO DE SOUZA,156,GRUPO ESCOLAR DALMARIO DE SOUZA,RUA ALTO DA SAUDADE SN,1.0,MATCH_FORTE,,
SAO MIGUEL DOS CAMPOS,ESCOLA DE EDUCAÇÃO BÁSICA CONSTRUTIVISTA,ESCOLA DE EDUCACAO BASICA CONSTRUTIVISTA,155,ESCOLA DE EDUCACAO BASICA CONSTRUTIVISTA,"RUA PROJETADA, 16",1.0,MATCH_FORTE,,
ARAPIRACA,CENTRO DE EDUCAÇÃO INFANTIL JOANNA DE ANGELLIS (ANTIGO MADRE PAULINA),CENTRO DE EDUCACAO INFANTIL JOANNA DE ANGELLIS ANTIGO MADRE PAULINA,154,CENTRO DE EDUCACAO INFANTIL JOANNA DE ANGELLIS (ANTIGO MADRE PAULINA),RUA DOMINGOS CORREIA 1065,1.0,MATCH_FORTE,,
MARECHAL DEODORO,ESCOLA MUNICIPAL PREFEITO MANOEL MESSIAS DOS SANTOS,ESCOLA MUNICIPAL PREFEITO MANOEL MESSIAS DOS SANTOS,153,ESCOLA MUNICIPAL PREFEITO MANOEL MESSIAS DOS SANTOS,RUA SALVADOR S/N LOT. LUAR DO FRANCES,1.0,MATCH_FORTE,,
MACEIO,E.E. MANOEL DE ARAUJO DORIA,ESCOLA ESTADUAL MANOEL DE ARAUJO DORIA,152,E.E. MANOEL DE ARAUJO DORIA,"AV. SENADOR TEOTONIO VILELA - CJ HENRIQUE EQUELMAN, S/N",1.0,MATCH_FORTE,,
MACEIO,E.M. SELMA BANDEIRA,ESCOLA MUNICIPAL SELMA BANDEIRA,151,E.M. SELMA BANDEIRA,"AV. DA PAZ, SN - CJ. SELMA BANDEIRA",1.0,MATCH_FORTE,,
MACEIO,ESC. MUN. PIO X (PRÉDIO DO ANTIGO COL.SAGRADA FAMÍLIA),ESCOLA MUNICIPAL PIO X PREDIO DO ANTIGO COLEGIOSAGRADA FAMILIA,150,ESC. MUN. PIO X (PREDIO DO ANTIGO COL.SAGRADA FAMILIA),"RUA PROFESSORA ZEZE LOUREIRO, 200",1.0,MATCH_FORTE,,
MARECHAL DEODORO,ESCOLA MUNICIPAL MARIA PETRONILA DE GOUVEA,ESCOLA MUNICIPAL MARIA PETRONILA DE GOUVEA,149,ESCOLA MUNICIPAL MARIA PETRONILA DE GOUVEA,RUA MARINITA DE GOUVEIA SN,1.0,MATCH_FORTE,,
MACEIO,ESCOLA SANTA ROSA,ESCOLA SANTA ROSA,148,ESCOLA SANTA ROSA,"TRAV FIRMINO DE VASCONCELOS, 100",1.0,MATCH_FORTE,,
MARECHAL DEODORO,ESCOLA ESTADUAL DEODORO DA FONSECA,ESCOLA ESTADUAL DEODORO DA FONSECA,147,ESCOLA ESTADUAL DEODORO DA FONSECA,PRACA PEDRO PAULINO SN,1.0,MATCH_FORTE,,
RIO LARGO,GRUPO ESCOLAR OZORIA MOURA DE LIMA,GRUPO ESCOLAR OZORIA MOURA DE LIMA,147,GRUPO ESCOLAR OZORIA MOURA DE LIMA,RUA ANTONIO ELIAS CALHEIROS S/N,1.0,MATCH_FORTE,,
SAO MIGUEL DOS CAMPOS,CRECHE JOSEFA BENEDITA DOS SANTOS,CRECHE JOSEFA BENEDITA DOS SANTOS,141,CRECHE JOSEFA BENEDITA DOS SANTOS,AVENIDA PEDRO FERNANDES DE COSTA,1.0,MATCH_FORTE,,
MACEIO,CLUBE DA CAIXA ECONÔMICA FEDERAL (APCEF/AL),CLUBE DA CAIXA ECONOMICA FEDERAL APCEF AL,141,CLUBE DA CAIXA ECONOMICA FEDERAL (APCEF/AL),"ROD. AL 101 NORTE, S/N",1.0,MATCH_FORTE,,
RIO LARGO,ESCOLA ESTADUAL JOÃO MORAIS CAVALCANTE,ESCOLA ESTADUAL JOAO MORAIS CAVALCANTE,141,ESCOLA ESTADUAL JOAO MORAIS CAVALCANTE,"R. DO MATADOURO, CJ HAB JOSE FERNANDES TORRES, CJ MUTIRAO",1.0,MATCH_FORTE,,
SAO MIGUEL DOS CAMPOS,COLÉGIO MUNICIPAL ESTHER SOARES TORRES,COLEGIO MUNICIPAL ESTHER SOARES TORRES,139,COLEGIO MUNICIPAL ESTHER SOARES TORRES,"AVENIDA PREFEITO PEDRO FERNANDES DA COSTA, S/N",1.0,MATCH_FORTE,,
SAO MIGUEL DOS CAMPOS,ESCOLA DE ENSINO SUPERIOR DE SAO MIGUEL DOS CAMPOS,ESCOLA DE ENSINO SUPERIOR DE SAO MIGUEL DOS CAMPOS,135,ESCOLA DE ENSINO SUPERIOR DE SAO MIGUEL DOS CAMPOS,"PRACA SENHORA DOS PRAZERES, SN",1.0,MATCH_FORTE,,
RIO LARGO,GRUPO ESCOLAR PROFESSOR POMPEU SARMENTO,GRUPO ESCOLAR PROFESSOR POMPEU SARMENTO,132,GRUPO ESCOLAR PROFESSOR POMPEU SARMENTO,TRAV SANTA LUZIA S/N,1.0,MATCH_FORTE,,
CORURIPE,CENTRO EDUCACIONAL PROFISSIONAL MARIA ALICE BELTRÃO DE CASTRO SIQUEIRA,CENTRO EDUCACIONAL PROFISSIONAL MARIA ALICE BELTRAO DE CASTRO SIQUEIRA,131,CENTRO EDUCACIONAL PROFISSIONAL MARIA ALICE BELTRAO DE CASTRO SIQUEIRA,RUA PERNAMBUCO NOVO,1.0,MATCH_FORTE,,
MACEIO,ESCOLA MUN. DOM MIGUEL FENELON CÂMARA,ESCOLA MUNICIPAL DOM MIGUEL FENELON CAMARA,130,ESCOLA MUN. DOM MIGUEL FENELON CAMARA,"LOTEAMENTO JARDIM PETROPOLIS II, SN, QD 26",1.0,MATCH_FORTE,,
MACEIO,ESCOLA MUN. PROF. DERALDO CAMPOS,ESCOLA MUNICIPAL PROFESSOR DERALDO CAMPOS,129,ESCOLA MUN. PROF. DERALDO CAMPOS,"RUA TENENTE MOISES S. FIRMINO, S/N",1.0,MATCH_FORTE,,
CORURIPE,ESCOLA MUNICIPAL MANOEL CECÍLIO DE JESUS,ESCOLA MUNICIPAL MANOEL CECILIO DE JESUS,128,ESCOLA MUNICIPAL MANOEL CECILIO DE JESUS,"RUA DO JASMIM,",1.0,MATCH_FORTE,,
ARAPIRACA,GRUPO ESCOLAR CÔNEGO EPITÁCIO RODRIGUES,GRUPO ESCOLAR CONEGO EPITACIO RODRIGUES,127,GRUPO ESCOLAR CONEGO EPITACIO RODRIGUES,VILA SAO FRANCISCO,1.0,MATCH_FORTE,,
MARECHAL DEODORO,ESCOLA MUNICIPAL CARLOS AVELINO DA SILVA,ESCOLA MUNICIPAL CARLOS AVELINO DA SILVA,126,ESCOLA MUNICIPAL CARLOS AVELINO DA SILVA,"RES MARIA GISLENE MATHEUS, S/N",1.0,MATCH_FORTE,,
MACEIO,INSS,INSS,125,INSS,"AV. DONA CONSTANCIA DE GOES MONTEIRO, S/N",1.0,MATCH_FORTE,,
ARAPIRACA,IFAL - INSTITUTO FEDERAL DE ALAGOAS,IFAL INSTITUTO FEDERAL DE ALAGOAS,125,IFAL - INSTITUTO FEDERAL DE ALAGOAS,"RODOVIA AL 110, N 4805",1.0,MATCH_FORTE,,
RIO LARGO,ESCOLA DE EDUCAÇÃO INFANTIL PADRE PAULINO,ESCOLA DE EDUCACAO INFANTIL PADRE PAULINO,125,ESCOLA DE EDUCACAO INFANTIL PADRE PAULINO,CONJUNTO MUTIRAO,1.0,MATCH_FORTE,,
MACEIO,ESC. EST. PROFª ANA COELHO PALMEIRA,ESCOLA ESTADUAL PROF ANA COELHO PALMEIRA,124,ESC. EST. PROFa ANA COELHO PALMEIRA,"CONJ. ALFREDO GASPAR DE MENDONCA, S/N",0.9302,MATCH_PROVAVEL,,
PENEDO,ESCOLA ESTADUAL DR. ALCIDES ANDRADE,ESCOLA ESTADUAL DOUTOR ALCIDES ANDRADE,122,ESCOLA ESTADUAL DR. ALCIDES ANDRADE,"ROD. ENGENHEIRO JOAQUIM GONCALVES, S/N, PX. A GRANDE RIO VEICULOS",1.0,MATCH_FORTE,,
PENEDO,EMEB VEREADOR JOSÉ DA COSTA MANGABEIRA,EMEB VEREADOR JOSE DA COSTA MANGABEIRA,122,EMEB VEREADOR JOSE DA COSTA MANGABEIRA,"RUA F, LOTEAMENTO SAO GONCALO, SN",1.0,MATCH_FORTE,,
RIO LARGO,GRUPO ESCOLAR ODILO ALVARES DE SOUZA,GRUPO ESCOLAR ODILO ALVARES DE SOUZA,122,GRUPO ESCOLAR ODILO ALVARES DE SOUZA,AV MUNIZ FALCAO SN,1.0,MATCH_FORTE,,
RIO LARGO,ESCOLA DE EDUCAÇÃO INFANTIL AQUINO JAPIASSÚ,ESCOLA DE EDUCACAO INFANTIL AQUINO JAPIASSU,120,ESCOLA DE EDUCACAO INFANTIL AQUINO JAPIASSU,VILA MARILIA,1.0,MATCH_FORTE,,
MACEIO,CMEI HERBERT DE SOUZA,CMEI HERBERT DE SOUZA,115,CMEI HERBERT DE SOUZA,"ROD. AL 101 NORTE, S/N",1.0,MATCH_FORTE,,
ARAPIRACA,CENTRO DE EDUCAÇÃO INFANTIL MARIA DE LOURDES PEREIRA CAVALCANTE,CENTRO DE EDUCACAO INFANTIL MARIA DE LOURDES PEREIRA CAVALCANTE,115,CENTRO DE EDUCACAO INFANTIL MARIA DE LOURDES PEREIRA CAVALCANTE,"RUA OSMAN CAVALCANTE, S/N",1.0,MATCH_FORTE,,
SAO MIGUEL DOS CAMPOS,ESCOLA DE 1 E 2 GRAUS NUNILA MACHADO,ESCOLA DE 1 E 2 GRAUS NUNILA MACHADO,115,ESCOLA DE 1 E 2 GRAUS NUNILA MACHADO,"VISCONDE DE SINIMBU, 182",1.0,MATCH_FORTE,,
DELMIRO GOUVEIA,"FRANCISCA ROSA DA COSTA,GRUPO ESCOLAR",FRANCISCA ROSA DA COSTA GRUPO ESCOLAR,113,"FRANCISCA ROSA DA COSTA,GRUPO ESCOLAR","RUA SARGENTO REGINALDO BANDEIRA, 342",1.0,MATCH_FORTE,,
MACEIO,E.E. AQUILINA BULHÕES BARROS,ESCOLA ESTADUAL AQUILINA BULHOES BARROS,111,E.E. AQUILINA BULHOES BARROS,"RUA HENRIQUE FRANCISCO BULHOES, 14 QD C",1.0,MATCH_FORTE,,
SAO MIGUEL DOS CAMPOS,ESCOLA DE 1 GRAU TARCISIO SOARES PALMEIRA,ESCOLA DE 1 GRAU TARCISIO SOARES PALMEIRA,110,ESCOLA DE 1 GRAU TARCISIO SOARES PALMEIRA,"TRAVESSA SENADOR MAXIMO, 104",1.0,MATCH_FORTE,,
UNIAO DOS PALMARES,CRECHE MUNICIPAL TIA SUZETE,CRECHE MUNICIPAL TIA SUZETE,108,CRECHE MUNICIPAL TIA SUZETE,CONJUNTO NOVA ESPERANCA,1.0,MATCH_FORTE,,
MARECHAL DEODORO,NEI ADÉLIA CAVALCANTE COSTA,NEI ADELIA CAVALCANTE COSTA,106,NEI ADELIA CAVALCANTE COSTA,RUA DOS CAJUEIROS,1.0,MATCH_FORTE,,
ARAPIRACA,ESCOLA DE ENSINO FUNDAMENTAL GUIMARÃES PASSOS,ESCOLA DE ENSINO FUNDAMENTAL GUIMARAES PASSOS,106,ESCOLA DE ENSINO FUNDAMENTAL GUIMARAES PASSOS,VILA FERNANDES,1.0,MATCH_FORTE,,
UNIAO DOS PALMARES,ESCOLA DE ENSINO FUNDAMENTAL FERNANDO JUAZEIRO,ESCOLA DE ENSINO FUNDAMENTAL FERNANDO JUAZEIRO,106,ESCOLA DE ENSINO FUNDAMENTAL FERNANDO JUAZEIRO,AV. DR. HERMANO PLECH 488,1.0,MATCH_FORTE,,
SAO MIGUEL DOS CAMPOS,ESCOLA ESTADUAL PROFESSORA EDILEUZA OLIVEIRA DA SILVA,ESCOLA ESTADUAL PROFESSORA EDILEUZA OLIVEIRA DA SILVA,101,ESCOLA ESTADUAL PROFESSORA EDILEUZA OLIVEIRA DA SILVA,"RUA PROJETADA, S/N",1.0,MATCH_FORTE,,
PALMEIRA DOS INDIOS,GRUPO ESCOLAR ANTÔNIA MACEDO,GRUPO ESCOLAR ANTONIA MACEDO,101,GRUPO ESCOLAR ANTONIA MACEDO,RUA CEL ANTONIO PANTALEAO SN,1.0,MATCH_FORTE,,
MACEIO,ESC. EST. PROFª EROTILDES RODRIGUES SALDANHA (EX SEN PETRÔNIO PORTELA),ESCOLA ESTADUAL PROF EROTILDES RODRIGUES SALDANHA EX SEN PETRONIO PORTELA,99,ESC. EST. PROFa EROTILDES RODRIGUES SALDANHA (EX SEN PETRONIO PORTELA),"RUA GOV. LAMENHA FILHO, S/N",0.9605,MATCH_FORTE,,
MACEIO,COLÉGIO DOM BOSCO (ANTIGO COLÉGIO CARVALHO),COLEGIO DOM BOSCO ANTIGO COLEGIO CARVALHO,99,COLEGIO DOM BOSCO (ANTIGO COLEGIO CARVALHO),RUA EURICO AYRES N. 131,1.0,MATCH_FORTE,,
MACEIO,COLÉGIO ROSA MÍSTICA,COLEGIO ROSA MISTICA,99,COLEGIO ROSA MISTICA,"CONJUNTO OSMAN LOUREIRO, RUA 15, N 133, QD C2",1.0,MATCH_FORTE,,
MACEIO,CMEI SÔNIA CAVALCANTI,CMEI SONIA CAVALCANTI,98,CMEI SONIA CAVALCANTI,"RUA GENERAL HERMES, S/N, BOM PARTO (VIZ. A SEMED)",1.0,MATCH_FORTE,,
MACEIO,ESCOLA ESTADUAL MARIA AMÁLIA,ESCOLA ESTADUAL MARIA AMALIA,98,ESCOLA ESTADUAL MARIA AMALIA,"RUA VALDEMAR RUFINO DOS SANTOS, S/N,VILA ABC",1.0,MATCH_FORTE,,
PENEDO,IFAL - CAMPUS PENEDO,IFAL CAMPUS PENEDO,96,IFAL - CAMPUS PENEDO,"ROD ENGENHEIRO JOAQUIM GONCALVES, S/N LOT SAO JOSE",1.0,MATCH_FORTE,,
MARECHAL DEODORO,NEI MARIA IRENE DA SILVA,NEI MARIA IRENE DA SILVA,96,NEI MARIA IRENE DA SILVA,AV VIOLETA SN RD DENISSON AMORIM,1.0,MATCH_FORTE,,
PALMEIRA DOS INDIOS,ESCOLA ESTADUAL MANOEL PASSOS LIMA,ESCOLA ESTADUAL MANOEL PASSOS LIMA,95,ESCOLA ESTADUAL MANOEL PASSOS LIMA,"RUA GERVASIO MOREIRA, S/N",1.0,MATCH_FORTE,,
PENEDO,FACULDADE RAIMUNDO MARINHO DE PENEDO,FACULDADE RAIMUNDO MARINHO DE PENEDO,92,FACULDADE RAIMUNDO MARINHO DE PENEDO,"RUA 15 DE NOVEMBRO, FRM",1.0,MATCH_FORTE,,
MACEIO,ESC. MUN. NOSSA SRª APARECIDA (PRÉDIO DO ANTIGO COL.SAGRADA FAMÍLIA),ESCOLA MUNICIPAL NOSSA SR APARECIDA PREDIO DO ANTIGO COLEGIOSAGRADA FAMILIA,91,ESC. MUN. NOSSA SRa APARECIDA (PREDIO DO ANTIGO COL.SAGRADA FAMILIA),"RUA PROFESSORA MARIA JOSE LOUREIRO, S/N",0.9934,MATCH_FORTE,,
MACEIO,ESCOLA EST. DOM ADELMO MACHADO,ESCOLA ESTADUAL DOM ADELMO MACHADO,89,ESCOLA EST. DOM ADELMO MACHADO,"RUA DOM ADELMO MACHADO, S/N",1.0,MATCH_FORTE,,
RIO LARGO,CMEI DESEMBARGADOR FRANCISCO WILDO LACERDA DANTAS,CMEI DESEMBARGADOR FRANCISCO WILDO LACERDA DANTAS,88,CMEI DESEMBARGADOR FRANCISCO WILDO LACERDA DANTAS,"CJ ANTONIO LINS DE SOUSA , QD6, MATA DO ROLO",1.0,MATCH_FORTE,,
DELMIRO GOUVEIA,"NOEMIA BANDEIRA DA SILVA,ESCOLA",NOEMIA BANDEIRA DA SILVA ESCOLA,86,"NOEMIA BANDEIRA DA SILVA,ESCOLA","RUA DO CHAFARIZ, SN",1.0,MATCH_FORTE,,
MACEIO,ESC. MUN. PROFª NEIDE DE FREITAS FRANÇA,ESCOLA MUNICIPAL PROF NEIDE DE FREITAS FRANCA,84,ESC. MUN. PROFa NEIDE DE FREITAS FRANCA,"CONJ. OTACILIO HOLANDA, S/N",0.9375,MATCH_PROVAVEL,,
MACEIO,SEADES - SEC. DE EST. DA ASSISTÊNCIA E DESENVOLVIMENTO SOCIAL,SEADES SEC DE ESTADUAL DA ASSISTENCIA E DESENVOLVIMENTO SOCIAL,84,SEADES - SEC. DE EST. DA ASSISTENCIA E DESENVOLVIMENTO SOCIAL,RUA COMENDADOR CALACA 1339,1.0,MATCH_FORTE,,
MACEIO,ESCOLA ESTADUAL MAJOR EDUARDO EMILIANO DA FONSECA,ESCOLA ESTADUAL MAJOR EDUARDO EMILIANO DA FONSECA,82,ESCOLA ESTADUAL MAJOR EDUARDO EMILIANO DA FONSECA,"RUA DR LUIS DE BARROS, S/N",1.0,MATCH_FORTE,,
MACEIO,GRUPO ESCOLAR ANTÔNIO VASCO,GRUPO ESCOLAR ANTONIO VASCO,82,GRUPO ESCOLAR ANTONIO VASCO,"PRACA JOSE EMIDIO DE CARVALHO, S/N",1.0,MATCH_FORTE,,
PENEDO,GRUPO ESCOLAR ESTADUAL GABINO BESOURO,GRUPO ESCOLAR ESTADUAL GABINO BESOURO,81,GRUPO ESCOLAR ESTADUAL GABINO BESOURO,"AVENIDA NILO PECANHA, 182, PROXIMO AO TIRO DE GUERRA",1.0,MATCH_FORTE,,
MARECHAL DEODORO,ESCOLA PROFESSORA ELEUZA GALVÃO RODAS,ESCOLA PROFESSORA ELEUZA GALVAO RODAS,79,ESCOLA PROFESSORA ELEUZA GALVAO RODAS,RUA ARTHUR PAIVA REGO SN,1.0,MATCH_FORTE,,
DELMIRO GOUVEIA,ESCOLA ESTADUAL PEDRO NEPOMUCENO DOS SANTOS,ESCOLA ESTADUAL PEDRO NEPOMUCENO DOS SANTOS,79,ESCOLA ESTADUAL PEDRO NEPOMUCENO DOS SANTOS,"RUA PROJETADA, S/N. DISTRITO DE BARRAGEM LESTE",1.0,MATCH_FORTE,,
CORURIPE,ESCOLA MUNICIPAL GENERAL DE GOIS MONTEIRO,ESCOLA MUNICIPAL GENERAL DE GOIS MONTEIRO,77,ESCOLA MUNICIPAL GENERAL DE GOIS MONTEIRO,"RUA ABELARDO HOLANDA, 105",1.0,MATCH_FORTE,,
MARECHAL DEODORO,ESCOLA MUNICIPAL PREFEITO EDIVAL LEMOS SANTOS,ESCOLA MUNICIPAL PREFEITO EDIVAL LEMOS SANTOS,76,ESCOLA MUNICIPAL PREFEITO EDIVAL LEMOS SANTOS,AV. SAO JOSE POEIRA SN,1.0,MATCH_FORTE,,
RIO LARGO,CRIA-CENTRO INFANTIL CORÁLIA GOMES DA SILVA,CRIA CENTRO INFANTIL CORALIA GOMES DA SILVA,76,CRIA-CENTRO INFANTIL CORALIA GOMES DA SILVA,"CJ JARBAS OITICICA, QD B2, N 45, MATA DO ROLO",1.0,MATCH_FORTE,,
CORURIPE,ESCOLA MUNICIPAL NOSSA SENHORA DO MONT SERRAT,ESCOLA MUNICIPAL NOSSA SENHORA DO MONT SERRAT,71,ESCOLA MUNICIPAL NOSSA SENHORA DO MONT SERRAT,"POVOADO MIAI DE BAIXO, S/N",1.0,MATCH_FORTE,,
DELMIRO GOUVEIA,"ANCHIETA, GRUPO ESCOLAR PADRE ( POV. LAGOINHA)",ANCHIETA GRUPO ESCOLAR PADRE POV LAGOINHA,69,"ANCHIETA, GRUPO ESCOLAR PADRE ( POV. LAGOINHA)",POVOADO LAGOINHAS S/N,1.0,MATCH_FORTE,,
UNIAO DOS PALMARES,ESCOLA MUNICIPAL LAURA PEREIRA DA SILVA,ESCOLA MUNICIPAL LAURA PEREIRA DA SILVA,66,ESCOLA MUNICIPAL LAURA PEREIRA DA SILVA,"RUA CUPERTINO DOS PRAZERES, S/N",1.0,MATCH_FORTE,,
PENEDO,ESCOLA ESTADUAL HERMÍLIO DE FREITAS MELRO,ESCOLA ESTADUAL HERMILIO DE FREITAS MELRO,62,ESCOLA ESTADUAL HERMILIO DE FREITAS MELRO,"AVENIDA WANDERLEY, 396, EM FRENTE AO SEMEP",1.0,MATCH_FORTE,,
MACEIO,COLÉGIO SÃO JERÔNIMO,COLEGIO SAO JERONIMO,62,COLEGIO SAO JERONIMO,"RUA JACI MELO, S/N, C6JX, 7R, JARDIM DA SAUDE",1.0,MATCH_FORTE,,
PENEDO,UNIDADE DE ENSINO DE PENEDO/UFAL,UNIDADE DE ENSINO DE PENEDO UFAL,58,UNIDADE DE ENSINO DE PENEDO/UFAL,"AVENIDA BEIRA RIO, S/N, UFAL, PX. A DELEGACIA DE POLICIA",1.0,MATCH_FORTE,,
MACEIO,ESCOLA MUNICIPAL JOÃO FEITOSA,ESCOLA MUNICIPAL JOAO FEITOSA,57,ESCOLA MUNICIPAL JOAO FEITOSA,"RUA SAO LUIZ, RESIDENCIAL VALE DO TOCANTINS",1.0,MATCH_FORTE,,
DELMIRO GOUVEIA,"ERENICE GOMES DE LIMA, ESCOLA ESTADUAL PROFª",ERENICE GOMES DE LIMA ESCOLA ESTADUAL PROF,55,"ERENICE GOMES DE LIMA, ESCOLA ESTADUAL PROFa",RUA MARTINHA CARDEAL S/N,0.9333,MATCH_PROVAVEL,,
PALMEIRA DOS INDIOS,ESCOLA ESTADUAL DIJANIRA SANTOS SILVA,ESCOLA ESTADUAL DIJANIRA SANTOS SILVA,52,ESCOLA ESTADUAL DIJANIRA SANTOS SILVA,POVOADO SANTO ANTONIO,1.0,MATCH_FORTE,,
DELMIRO GOUVEIA,"MANOEL MOURA, COLEGIO DE 1 GRAU",MANOEL MOURA COLEGIO DE 1 GRAU,52,"MANOEL MOURA, COLEGIO DE 1 GRAU",POVOADO BARRAGEM,1.0,MATCH_FORTE,,
DELMIRO GOUVEIA,"JOSE CORREIA DOS SANTOS,GRUPO ESCOLAR",JOSE CORREIA DOS SANTOS GRUPO ESCOLAR,51,"JOSE CORREIA DOS SANTOS,GRUPO ESCOLAR",POVOADO SINIMBU,1.0,MATCH_FORTE,,
PENEDO,EMEB HANNA BERTHOLET,EMEB HANNA BERTHOLET,50,EMEB HANNA BERTHOLET,POVOADO SANTA MARGARIDA,1.0,MATCH_FORTE,,
MARECHAL DEODORO,ESCOLA MUNICIPAL ADELINA DE CARVALHO MELO,ESCOLA MUNICIPAL ADELINA DE CARVALHO MELO,47,ESCOLA MUNICIPAL ADELINA DE CARVALHO MELO,RUA ADELINA DE CARVALHO MELO SN,1.0,MATCH_FORTE,,
MARECHAL DEODORO,UBS - MARIA DO CARMO ARAÚJO SOARES,UBS MARIA DO CARMO ARAUJO SOARES,45,UBS - MARIA DO CARMO ARAUJO SOARES,"RUA ADELINA DE CARVALHO MELO, S/N",1.0,MATCH_FORTE,,
DELMIRO GOUVEIA,GRUPO ESCOLAR CASTRO ALVES,GRUPO ESCOLAR CASTRO ALVES,41,GRUPO ESCOLAR CASTRO ALVES,POVOADO BARRAGEM,1.0,MATCH_FORTE,,
DELMIRO GOUVEIA,"JOSE CORREIA FILHO,ESCOLA",JOSE CORREIA FILHO ESCOLA,39,"JOSE CORREIA FILHO,ESCOLA",POVOADO JARDIM CORDEIRO,1.0,MATCH_FORTE,,
MACEIO,CRECHE AGENOR FERNANDES PONTES,CRECHE AGENOR FERNANDES PONTES,39,CRECHE AGENOR FERNANDES PONTES,"VILA GOIABEIRA, 132",1.0,MATCH_FORTE,,
DELMIRO GOUVEIA,"RUI BARBOSA,ESCOLA MUNICIPAL",RUI BARBOSA ESCOLA MUNICIPAL,37,"RUI BARBOSA,ESCOLA MUNICIPAL",POVOADO SAO SEBASTIAO,1.0,MATCH_FORTE,,
PENEDO,ESCOLA ESTADUAL CLEMENTINO DO MONTE,ESCOLA ESTADUAL CLEMENTINO DO MONTE,35,ESCOLA ESTADUAL CLEMENTINO DO MONTE,"PRACA CLEMENTINO DO MONTE, S/N (EM FRENTE AO PENEDENSE)",1.0,MATCH_FORTE,,
PALMEIRA DOS INDIOS,ESCOLA MUNICIPAL NOÉ SIMPLÍCIO,ESCOLA MUNICIPAL NOE SIMPLICIO,34,ESCOLA MUNICIPAL NOE SIMPLICIO,POVOADO BONIFACIO,1.0,MATCH_FORTE,,
PALMEIRA DOS INDIOS,ESCOLA ESTADUAL EGÍDIO BARBOSA,ESCOLA ESTADUAL EGIDIO BARBOSA,32,ESCOLA ESTADUAL EGIDIO BARBOSA,POVOADO LAGOA DO CALDEIRAO,1.0,MATCH_FORTE,,
PALMEIRA DOS INDIOS,ESCOLA MUNICIPAL PEDRO RODRIGUES GAIA,ESCOLA MUNICIPAL PEDRO RODRIGUES GAIA,31,ESCOLA MUNICIPAL PEDRO RODRIGUES GAIA,POVOADO CORURIPE DA CAL,1.0,MATCH_FORTE,,
DELMIRO GOUVEIA,"RAIMYSON SILVA NASCIMENTO, EMEF",RAIMYSON SILVA NASCIMENTO EMEF,30,"RAIMYSON SILVA NASCIMENTO, EMEF",POVOADO CARAIBEIRINHAS,1.0,MATCH_FORTE,,
DELMIRO GOUVEIA,"SAO JOSE, ESCOLA MUN DE ENSINO FUNDAMENTAL",SAO JOSE ESCOLA MUNICIPAL DE ENSINO FUNDAMENTAL,29,"SAO JOSE, ESCOLA MUN DE ENSINO FUNDAMENTAL",POVOADO SALGADO,1.0,MATCH_FORTE,,
PENEDO,EMEB SANTO ANTÔNIO,EMEB SANTO ANTONIO,28,EMEB SANTO ANTONIO,POVOADO TABULEIRO DOS NEGROS,1.0,MATCH_FORTE,,
PALMEIRA DOS INDIOS,UNIVERSISADE ESTADUAL DE ALAGOAS - UNEAL - PALMERIA DOS ÍNDIOS,UNIVERSISADE ESTADUAL DE ALAGOAS UNEAL PALMERIA DOS INDIOS,26,UNIVERSISADE ESTADUAL DE ALAGOAS - UNEAL - PALMERIA DOS INDIOS,"RODOVIA EDUARDO ALVES DA SILVA, KM 03",1.0,MATCH_FORTE,,
DELMIRO GOUVEIA,"ANTENOR CORREIA SERPA, ESCOLA MUNICIPAL DR.",ANTENOR CORREIA SERPA ESCOLA MUNICIPAL DOUTOR,25,"ANTENOR CORREIA SERPA, ESCOLA MUNICIPAL DR.",POVOADO CRUZ,1.0,MATCH_FORTE,,
PENEDO,EMEB PROFª MARIA DA GLÓRIA PIMENTEIRA,EMEB PROF MARIA DA GLORIA PIMENTEIRA,24,EMEB PROFa MARIA DA GLORIA PIMENTEIRA,POVOADO PONTA MOFINA,0.9231,MATCH_PROVAVEL,,
DELMIRO GOUVEIA,ESCOLA MUNICIPAL DE EDUCAÇÃO BÁSICA JUSCELINO KUBISTCHEK DE OLIVEIRA,ESCOLA MUNICIPAL DE EDUCACAO BASICA JUSCELINO KUBISTCHEK DE OLIVEIRA,23,ESCOLA MUNICIPAL DE EDUCACAO BASICA JUSCELINO KUBISTCHEK DE OLIVEIRA,POVOADO ALTO BONITO,1.0,MATCH_FORTE,,
PENEDO,EMEB PROFESSOR IRÊNIO ARAÚJO,EMEB PROFESSOR IRENIO ARAUJO,17,EMEB PROFESSOR IRENIO ARAUJO,POVOADO MARITUBA DO PEIXE,1.0,MATCH_FORTE,,
